--
-- PostgreSQL database dump
--

-- Dumped from database version 9.5.10
-- Dumped by pg_dump version 9.5.10

SET statement_timeout = 0;
SET lock_timeout = 0;
SET client_encoding = 'UTF8';
SET standard_conforming_strings = on;
SET check_function_bodies = false;
SET client_min_messages = warning;
SET row_security = off;

--
-- Name: plpgsql; Type: EXTENSION; Schema: -; Owner: 
--

CREATE EXTENSION IF NOT EXISTS plpgsql WITH SCHEMA pg_catalog;


--
-- Name: EXTENSION plpgsql; Type: COMMENT; Schema: -; Owner: 
--

COMMENT ON EXTENSION plpgsql IS 'PL/pgSQL procedural language';


--
-- Name: postgis; Type: EXTENSION; Schema: -; Owner: 
--

CREATE EXTENSION IF NOT EXISTS postgis WITH SCHEMA public;


--
-- Name: EXTENSION postgis; Type: COMMENT; Schema: -; Owner: 
--

COMMENT ON EXTENSION postgis IS 'PostGIS geometry, geography, and raster spatial types and functions';


SET search_path = public, pg_catalog;

SET default_tablespace = '';

SET default_with_oids = false;

--
-- Name: auth_group; Type: TABLE; Schema: public; Owner: postgres
--

CREATE TABLE auth_group (
    id integer NOT NULL,
    name character varying(80) NOT NULL
);


ALTER TABLE auth_group OWNER TO postgres;

--
-- Name: auth_group_id_seq; Type: SEQUENCE; Schema: public; Owner: postgres
--

CREATE SEQUENCE auth_group_id_seq
    START WITH 1
    INCREMENT BY 1
    NO MINVALUE
    NO MAXVALUE
    CACHE 1;


ALTER TABLE auth_group_id_seq OWNER TO postgres;

--
-- Name: auth_group_id_seq; Type: SEQUENCE OWNED BY; Schema: public; Owner: postgres
--

ALTER SEQUENCE auth_group_id_seq OWNED BY auth_group.id;


--
-- Name: auth_group_permissions; Type: TABLE; Schema: public; Owner: postgres
--

CREATE TABLE auth_group_permissions (
    id integer NOT NULL,
    group_id integer NOT NULL,
    permission_id integer NOT NULL
);


ALTER TABLE auth_group_permissions OWNER TO postgres;

--
-- Name: auth_group_permissions_id_seq; Type: SEQUENCE; Schema: public; Owner: postgres
--

CREATE SEQUENCE auth_group_permissions_id_seq
    START WITH 1
    INCREMENT BY 1
    NO MINVALUE
    NO MAXVALUE
    CACHE 1;


ALTER TABLE auth_group_permissions_id_seq OWNER TO postgres;

--
-- Name: auth_group_permissions_id_seq; Type: SEQUENCE OWNED BY; Schema: public; Owner: postgres
--

ALTER SEQUENCE auth_group_permissions_id_seq OWNED BY auth_group_permissions.id;


--
-- Name: auth_permission; Type: TABLE; Schema: public; Owner: postgres
--

CREATE TABLE auth_permission (
    id integer NOT NULL,
    name character varying(255) NOT NULL,
    content_type_id integer NOT NULL,
    codename character varying(100) NOT NULL
);


ALTER TABLE auth_permission OWNER TO postgres;

--
-- Name: auth_permission_id_seq; Type: SEQUENCE; Schema: public; Owner: postgres
--

CREATE SEQUENCE auth_permission_id_seq
    START WITH 1
    INCREMENT BY 1
    NO MINVALUE
    NO MAXVALUE
    CACHE 1;


ALTER TABLE auth_permission_id_seq OWNER TO postgres;

--
-- Name: auth_permission_id_seq; Type: SEQUENCE OWNED BY; Schema: public; Owner: postgres
--

ALTER SEQUENCE auth_permission_id_seq OWNED BY auth_permission.id;


--
-- Name: django_admin_log; Type: TABLE; Schema: public; Owner: postgres
--

CREATE TABLE django_admin_log (
    id integer NOT NULL,
    action_time timestamp with time zone NOT NULL,
    object_id text,
    object_repr character varying(200) NOT NULL,
    action_flag smallint NOT NULL,
    change_message text NOT NULL,
    content_type_id integer,
    user_id bigint NOT NULL,
    CONSTRAINT django_admin_log_action_flag_check CHECK ((action_flag >= 0))
);


ALTER TABLE django_admin_log OWNER TO postgres;

--
-- Name: django_admin_log_id_seq; Type: SEQUENCE; Schema: public; Owner: postgres
--

CREATE SEQUENCE django_admin_log_id_seq
    START WITH 1
    INCREMENT BY 1
    NO MINVALUE
    NO MAXVALUE
    CACHE 1;


ALTER TABLE django_admin_log_id_seq OWNER TO postgres;

--
-- Name: django_admin_log_id_seq; Type: SEQUENCE OWNED BY; Schema: public; Owner: postgres
--

ALTER SEQUENCE django_admin_log_id_seq OWNED BY django_admin_log.id;


--
-- Name: django_content_type; Type: TABLE; Schema: public; Owner: postgres
--

CREATE TABLE django_content_type (
    id integer NOT NULL,
    app_label character varying(100) NOT NULL,
    model character varying(100) NOT NULL
);


ALTER TABLE django_content_type OWNER TO postgres;

--
-- Name: django_content_type_id_seq; Type: SEQUENCE; Schema: public; Owner: postgres
--

CREATE SEQUENCE django_content_type_id_seq
    START WITH 1
    INCREMENT BY 1
    NO MINVALUE
    NO MAXVALUE
    CACHE 1;


ALTER TABLE django_content_type_id_seq OWNER TO postgres;

--
-- Name: django_content_type_id_seq; Type: SEQUENCE OWNED BY; Schema: public; Owner: postgres
--

ALTER SEQUENCE django_content_type_id_seq OWNED BY django_content_type.id;


--
-- Name: django_migrations; Type: TABLE; Schema: public; Owner: postgres
--

CREATE TABLE django_migrations (
    id integer NOT NULL,
    app character varying(255) NOT NULL,
    name character varying(255) NOT NULL,
    applied timestamp with time zone NOT NULL
);


ALTER TABLE django_migrations OWNER TO postgres;

--
-- Name: django_migrations_id_seq; Type: SEQUENCE; Schema: public; Owner: postgres
--

CREATE SEQUENCE django_migrations_id_seq
    START WITH 1
    INCREMENT BY 1
    NO MINVALUE
    NO MAXVALUE
    CACHE 1;


ALTER TABLE django_migrations_id_seq OWNER TO postgres;

--
-- Name: django_migrations_id_seq; Type: SEQUENCE OWNED BY; Schema: public; Owner: postgres
--

ALTER SEQUENCE django_migrations_id_seq OWNED BY django_migrations.id;


--
-- Name: django_q_ormq; Type: TABLE; Schema: public; Owner: postgres
--

CREATE TABLE django_q_ormq (
    id integer NOT NULL,
    key character varying(100) NOT NULL,
    payload text NOT NULL,
    lock timestamp with time zone
);


ALTER TABLE django_q_ormq OWNER TO postgres;

--
-- Name: django_q_ormq_id_seq; Type: SEQUENCE; Schema: public; Owner: postgres
--

CREATE SEQUENCE django_q_ormq_id_seq
    START WITH 1
    INCREMENT BY 1
    NO MINVALUE
    NO MAXVALUE
    CACHE 1;


ALTER TABLE django_q_ormq_id_seq OWNER TO postgres;

--
-- Name: django_q_ormq_id_seq; Type: SEQUENCE OWNED BY; Schema: public; Owner: postgres
--

ALTER SEQUENCE django_q_ormq_id_seq OWNED BY django_q_ormq.id;


--
-- Name: django_q_schedule; Type: TABLE; Schema: public; Owner: postgres
--

CREATE TABLE django_q_schedule (
    id integer NOT NULL,
    func character varying(256) NOT NULL,
    hook character varying(256),
    args text,
    kwargs text,
    schedule_type character varying(1) NOT NULL,
    repeats smallint NOT NULL,
    next_run timestamp with time zone,
    task character varying(100),
    name character varying(100),
    minutes smallint,
    CONSTRAINT django_q_schedule_minutes_check CHECK ((minutes >= 0))
);


ALTER TABLE django_q_schedule OWNER TO postgres;

--
-- Name: django_q_schedule_id_seq; Type: SEQUENCE; Schema: public; Owner: postgres
--

CREATE SEQUENCE django_q_schedule_id_seq
    START WITH 1
    INCREMENT BY 1
    NO MINVALUE
    NO MAXVALUE
    CACHE 1;


ALTER TABLE django_q_schedule_id_seq OWNER TO postgres;

--
-- Name: django_q_schedule_id_seq; Type: SEQUENCE OWNED BY; Schema: public; Owner: postgres
--

ALTER SEQUENCE django_q_schedule_id_seq OWNED BY django_q_schedule.id;


--
-- Name: django_q_task; Type: TABLE; Schema: public; Owner: postgres
--

CREATE TABLE django_q_task (
    id character varying(32) NOT NULL,
    name character varying(100) NOT NULL,
    func character varying(256) NOT NULL,
    hook character varying(256),
    args text,
    kwargs text,
    result text,
    started timestamp with time zone NOT NULL,
    stopped timestamp with time zone NOT NULL,
    success boolean NOT NULL,
    "group" character varying(100)
);


ALTER TABLE django_q_task OWNER TO postgres;

--
-- Name: django_q_task_id_seq; Type: SEQUENCE; Schema: public; Owner: postgres
--

CREATE SEQUENCE django_q_task_id_seq
    START WITH 1
    INCREMENT BY 1
    NO MINVALUE
    NO MAXVALUE
    CACHE 1;


ALTER TABLE django_q_task_id_seq OWNER TO postgres;

--
-- Name: django_q_task_id_seq; Type: SEQUENCE OWNED BY; Schema: public; Owner: postgres
--

ALTER SEQUENCE django_q_task_id_seq OWNED BY django_q_task.id;


--
-- Name: nationcode; Type: TABLE; Schema: public; Owner: postgres
--

CREATE TABLE nationcode (
    id bigint NOT NULL,
    created_date timestamp with time zone NOT NULL,
    modified_date timestamp with time zone NOT NULL,
    modified_by bigint,
    created_by bigint,
    name character varying(255) NOT NULL,
    nation_code integer NOT NULL,
    country_name character varying(255) NOT NULL,
    country_code character varying(2) NOT NULL
);


ALTER TABLE nationcode OWNER TO postgres;

--
-- Name: nationcode_id_seq; Type: SEQUENCE; Schema: public; Owner: postgres
--

CREATE SEQUENCE nationcode_id_seq
    START WITH 1
    INCREMENT BY 1
    NO MINVALUE
    NO MAXVALUE
    CACHE 1;


ALTER TABLE nationcode_id_seq OWNER TO postgres;

--
-- Name: nationcode_id_seq; Type: SEQUENCE OWNED BY; Schema: public; Owner: postgres
--

ALTER SEQUENCE nationcode_id_seq OWNED BY nationcode.id;


--
-- Name: service; Type: TABLE; Schema: public; Owner: postgres
--

CREATE TABLE service (
    id bigint NOT NULL,
    created_date timestamp with time zone NOT NULL,
    modified_date timestamp with time zone NOT NULL,
    modified_by bigint,
    created_by bigint,
    name text NOT NULL,
    icon text NOT NULL,
    parent_id bigint
);


ALTER TABLE service OWNER TO postgres;

--
-- Name: service_id_seq; Type: SEQUENCE; Schema: public; Owner: postgres
--

CREATE SEQUENCE service_id_seq
    START WITH 1
    INCREMENT BY 1
    NO MINVALUE
    NO MAXVALUE
    CACHE 1;


ALTER TABLE service_id_seq OWNER TO postgres;

--
-- Name: service_id_seq; Type: SEQUENCE OWNED BY; Schema: public; Owner: postgres
--

ALTER SEQUENCE service_id_seq OWNED BY service.id;


--
-- Name: territory; Type: TABLE; Schema: public; Owner: postgres
--

CREATE TABLE territory (
    id bigint NOT NULL,
    created_date timestamp with time zone NOT NULL,
    modified_date timestamp with time zone NOT NULL,
    modified_by bigint,
    created_by bigint,
    name text NOT NULL,
    parent_id bigint
);


ALTER TABLE territory OWNER TO postgres;

--
-- Name: territory_id_seq; Type: SEQUENCE; Schema: public; Owner: postgres
--

CREATE SEQUENCE territory_id_seq
    START WITH 1
    INCREMENT BY 1
    NO MINVALUE
    NO MAXVALUE
    CACHE 1;


ALTER TABLE territory_id_seq OWNER TO postgres;

--
-- Name: territory_id_seq; Type: SEQUENCE OWNED BY; Schema: public; Owner: postgres
--

ALTER SEQUENCE territory_id_seq OWNED BY territory.id;


--
-- Name: user; Type: TABLE; Schema: public; Owner: postgres
--

CREATE TABLE "user" (
    password character varying(128) NOT NULL,
    last_login timestamp with time zone,
    id bigint NOT NULL,
    created_date timestamp with time zone NOT NULL,
    modified_date timestamp with time zone NOT NULL,
    modified_by bigint,
    created_by bigint,
    name character varying(255) NOT NULL,
    phone character varying(128) NOT NULL,
    avatar character varying(200) NOT NULL,
    email character varying(254),
    address text NOT NULL,
    latitude numeric(9,6),
    longitude numeric(9,6),
    point integer,
    is_email_confirmed boolean NOT NULL,
    birthdate date,
    nation_code integer,
    is_staff boolean NOT NULL,
    is_active boolean NOT NULL,
    is_superuser boolean NOT NULL,
    rating double precision,
    phone_number character varying(50) NOT NULL,
    role_id bigint
);


ALTER TABLE "user" OWNER TO postgres;

--
-- Name: user_id_seq; Type: SEQUENCE; Schema: public; Owner: postgres
--

CREATE SEQUENCE user_id_seq
    START WITH 1
    INCREMENT BY 1
    NO MINVALUE
    NO MAXVALUE
    CACHE 1;


ALTER TABLE user_id_seq OWNER TO postgres;

--
-- Name: user_id_seq; Type: SEQUENCE OWNED BY; Schema: public; Owner: postgres
--

ALTER SEQUENCE user_id_seq OWNED BY "user".id;


--
-- Name: users_connection; Type: TABLE; Schema: public; Owner: postgres
--

CREATE TABLE users_connection (
    id bigint NOT NULL,
    created_date timestamp with time zone NOT NULL,
    modified_date timestamp with time zone NOT NULL,
    modified_by bigint,
    created_by bigint,
    is_confirmed boolean NOT NULL,
    expired_at timestamp with time zone NOT NULL,
    initiator_user_id bigint NOT NULL,
    target_user_id bigint NOT NULL,
    is_rejected boolean NOT NULL
);


ALTER TABLE users_connection OWNER TO postgres;

--
-- Name: users_connection_id_seq; Type: SEQUENCE; Schema: public; Owner: postgres
--

CREATE SEQUENCE users_connection_id_seq
    START WITH 1
    INCREMENT BY 1
    NO MINVALUE
    NO MAXVALUE
    CACHE 1;


ALTER TABLE users_connection_id_seq OWNER TO postgres;

--
-- Name: users_connection_id_seq; Type: SEQUENCE OWNED BY; Schema: public; Owner: postgres
--

ALTER SEQUENCE users_connection_id_seq OWNED BY users_connection.id;


--
-- Name: users_forget_password; Type: TABLE; Schema: public; Owner: postgres
--

CREATE TABLE users_forget_password (
    id bigint NOT NULL,
    created_date timestamp with time zone NOT NULL,
    modified_date timestamp with time zone NOT NULL,
    modified_by bigint,
    created_by bigint,
    code text NOT NULL,
    is_used boolean NOT NULL,
    expired_at timestamp with time zone NOT NULL,
    user_id bigint NOT NULL,
    token text
);


ALTER TABLE users_forget_password OWNER TO postgres;

--
-- Name: users_forget_password_id_seq; Type: SEQUENCE; Schema: public; Owner: postgres
--

CREATE SEQUENCE users_forget_password_id_seq
    START WITH 1
    INCREMENT BY 1
    NO MINVALUE
    NO MAXVALUE
    CACHE 1;


ALTER TABLE users_forget_password_id_seq OWNER TO postgres;

--
-- Name: users_forget_password_id_seq; Type: SEQUENCE OWNED BY; Schema: public; Owner: postgres
--

ALTER SEQUENCE users_forget_password_id_seq OWNED BY users_forget_password.id;


--
-- Name: users_points_exchange; Type: TABLE; Schema: public; Owner: postgres
--

CREATE TABLE users_points_exchange (
    id bigint NOT NULL,
    created_date timestamp with time zone NOT NULL,
    modified_date timestamp with time zone NOT NULL,
    modified_by bigint,
    created_by bigint,
    amount integer NOT NULL,
    source_user_id bigint NOT NULL,
    target_user_id bigint NOT NULL
);


ALTER TABLE users_points_exchange OWNER TO postgres;

--
-- Name: users_points_exchange_id_seq; Type: SEQUENCE; Schema: public; Owner: postgres
--

CREATE SEQUENCE users_points_exchange_id_seq
    START WITH 1
    INCREMENT BY 1
    NO MINVALUE
    NO MAXVALUE
    CACHE 1;


ALTER TABLE users_points_exchange_id_seq OWNER TO postgres;

--
-- Name: users_points_exchange_id_seq; Type: SEQUENCE OWNED BY; Schema: public; Owner: postgres
--

ALTER SEQUENCE users_points_exchange_id_seq OWNED BY users_points_exchange.id;


--
-- Name: users_points_transactions; Type: TABLE; Schema: public; Owner: postgres
--

CREATE TABLE users_points_transactions (
    id integer NOT NULL,
    amount integer NOT NULL,
    date timestamp with time zone NOT NULL,
    object_id integer,
    content_type_id integer,
    user_id bigint NOT NULL,
    CONSTRAINT users_points_transactions_object_id_check CHECK ((object_id >= 0))
);


ALTER TABLE users_points_transactions OWNER TO postgres;

--
-- Name: users_points_transactions_id_seq; Type: SEQUENCE; Schema: public; Owner: postgres
--

CREATE SEQUENCE users_points_transactions_id_seq
    START WITH 1
    INCREMENT BY 1
    NO MINVALUE
    NO MAXVALUE
    CACHE 1;


ALTER TABLE users_points_transactions_id_seq OWNER TO postgres;

--
-- Name: users_points_transactions_id_seq; Type: SEQUENCE OWNED BY; Schema: public; Owner: postgres
--

ALTER SEQUENCE users_points_transactions_id_seq OWNED BY users_points_transactions.id;


--
-- Name: users_push_settings; Type: TABLE; Schema: public; Owner: postgres
--

CREATE TABLE users_push_settings (
    id bigint NOT NULL,
    created_date timestamp with time zone NOT NULL,
    modified_date timestamp with time zone NOT NULL,
    modified_by bigint,
    created_by bigint,
    device_id character varying(255) NOT NULL,
    device_type character varying(50) NOT NULL,
    user_id bigint NOT NULL
);


ALTER TABLE users_push_settings OWNER TO postgres;

--
-- Name: users_push_settings_id_seq; Type: SEQUENCE; Schema: public; Owner: postgres
--

CREATE SEQUENCE users_push_settings_id_seq
    START WITH 1
    INCREMENT BY 1
    NO MINVALUE
    NO MAXVALUE
    CACHE 1;


ALTER TABLE users_push_settings_id_seq OWNER TO postgres;

--
-- Name: users_push_settings_id_seq; Type: SEQUENCE OWNED BY; Schema: public; Owner: postgres
--

ALTER SEQUENCE users_push_settings_id_seq OWNED BY users_push_settings.id;


--
-- Name: users_ratings; Type: TABLE; Schema: public; Owner: postgres
--

CREATE TABLE users_ratings (
    id bigint NOT NULL,
    created_date timestamp with time zone NOT NULL,
    modified_date timestamp with time zone NOT NULL,
    modified_by bigint,
    created_by bigint,
    rate integer NOT NULL,
    source_user_id bigint NOT NULL,
    target_user_id bigint NOT NULL
);


ALTER TABLE users_ratings OWNER TO postgres;

--
-- Name: users_ratings_id_seq; Type: SEQUENCE; Schema: public; Owner: postgres
--

CREATE SEQUENCE users_ratings_id_seq
    START WITH 1
    INCREMENT BY 1
    NO MINVALUE
    NO MAXVALUE
    CACHE 1;


ALTER TABLE users_ratings_id_seq OWNER TO postgres;

--
-- Name: users_ratings_id_seq; Type: SEQUENCE OWNED BY; Schema: public; Owner: postgres
--

ALTER SEQUENCE users_ratings_id_seq OWNED BY users_ratings.id;


--
-- Name: users_role; Type: TABLE; Schema: public; Owner: postgres
--

CREATE TABLE users_role (
    id bigint NOT NULL,
    created_date timestamp with time zone NOT NULL,
    modified_date timestamp with time zone NOT NULL,
    modified_by bigint,
    created_by bigint,
    name character varying(255) NOT NULL
);


ALTER TABLE users_role OWNER TO postgres;

--
-- Name: users_role_id_seq; Type: SEQUENCE; Schema: public; Owner: postgres
--

CREATE SEQUENCE users_role_id_seq
    START WITH 1
    INCREMENT BY 1
    NO MINVALUE
    NO MAXVALUE
    CACHE 1;


ALTER TABLE users_role_id_seq OWNER TO postgres;

--
-- Name: users_role_id_seq; Type: SEQUENCE OWNED BY; Schema: public; Owner: postgres
--

ALTER SEQUENCE users_role_id_seq OWNED BY users_role.id;


--
-- Name: users_role_permissions; Type: TABLE; Schema: public; Owner: postgres
--

CREATE TABLE users_role_permissions (
    id integer NOT NULL,
    role_id bigint NOT NULL,
    permission_id integer NOT NULL
);


ALTER TABLE users_role_permissions OWNER TO postgres;

--
-- Name: users_role_permissions_id_seq; Type: SEQUENCE; Schema: public; Owner: postgres
--

CREATE SEQUENCE users_role_permissions_id_seq
    START WITH 1
    INCREMENT BY 1
    NO MINVALUE
    NO MAXVALUE
    CACHE 1;


ALTER TABLE users_role_permissions_id_seq OWNER TO postgres;

--
-- Name: users_role_permissions_id_seq; Type: SEQUENCE OWNED BY; Schema: public; Owner: postgres
--

ALTER SEQUENCE users_role_permissions_id_seq OWNED BY users_role_permissions.id;


--
-- Name: utilities; Type: TABLE; Schema: public; Owner: postgres
--

CREATE TABLE utilities (
    id bigint NOT NULL,
    created_date timestamp with time zone NOT NULL,
    modified_date timestamp with time zone NOT NULL,
    modified_by bigint,
    created_by bigint,
    name text NOT NULL,
    avatar character varying(200) NOT NULL,
    hotline text NOT NULL,
    type text NOT NULL,
    type_detail text,
    address text NOT NULL,
    identifier_number text NOT NULL,
    website character varying(200),
    latitude numeric(9,6) NOT NULL,
    longitude numeric(9,6) NOT NULL,
    start_date date,
    start_time time without time zone,
    end_time time without time zone,
    due_date date NOT NULL,
    title_advertisement text NOT NULL,
    description_advertisement text NOT NULL,
    is_movable boolean NOT NULL,
    status integer NOT NULL,
    territory_id bigint,
    description text,
    location geometry(Point,4326),
    manage_user_id bigint,
    days integer NOT NULL,
    owner_user_id bigint,
    rating double precision,
    service_id bigint
);


ALTER TABLE utilities OWNER TO postgres;

--
-- Name: utilities_id_seq; Type: SEQUENCE; Schema: public; Owner: postgres
--

CREATE SEQUENCE utilities_id_seq
    START WITH 1
    INCREMENT BY 1
    NO MINVALUE
    NO MAXVALUE
    CACHE 1;


ALTER TABLE utilities_id_seq OWNER TO postgres;

--
-- Name: utilities_id_seq; Type: SEQUENCE OWNED BY; Schema: public; Owner: postgres
--

ALTER SEQUENCE utilities_id_seq OWNED BY utilities.id;


--
-- Name: utility_status; Type: TABLE; Schema: public; Owner: postgres
--

CREATE TABLE utility_status (
    id bigint NOT NULL,
    created_date timestamp with time zone NOT NULL,
    modified_date timestamp with time zone NOT NULL,
    modified_by bigint,
    created_by bigint,
    name text NOT NULL
);


ALTER TABLE utility_status OWNER TO postgres;

--
-- Name: utility_id_seq; Type: SEQUENCE; Schema: public; Owner: postgres
--

CREATE SEQUENCE utility_id_seq
    START WITH 1
    INCREMENT BY 1
    NO MINVALUE
    NO MAXVALUE
    CACHE 1;


ALTER TABLE utility_id_seq OWNER TO postgres;

--
-- Name: utility_id_seq; Type: SEQUENCE OWNED BY; Schema: public; Owner: postgres
--

ALTER SEQUENCE utility_id_seq OWNED BY utility_status.id;


--
-- Name: utility_image; Type: TABLE; Schema: public; Owner: postgres
--

CREATE TABLE utility_image (
    id bigint NOT NULL,
    created_date timestamp with time zone NOT NULL,
    modified_date timestamp with time zone NOT NULL,
    modified_by bigint,
    created_by bigint,
    image character varying(200) NOT NULL,
    "order" integer NOT NULL,
    utility_id bigint NOT NULL
);


ALTER TABLE utility_image OWNER TO postgres;

--
-- Name: utility_image_id_seq; Type: SEQUENCE; Schema: public; Owner: postgres
--

CREATE SEQUENCE utility_image_id_seq
    START WITH 1
    INCREMENT BY 1
    NO MINVALUE
    NO MAXVALUE
    CACHE 1;


ALTER TABLE utility_image_id_seq OWNER TO postgres;

--
-- Name: utility_image_id_seq; Type: SEQUENCE OWNED BY; Schema: public; Owner: postgres
--

ALTER SEQUENCE utility_image_id_seq OWNED BY utility_image.id;


--
-- Name: id; Type: DEFAULT; Schema: public; Owner: postgres
--

ALTER TABLE ONLY auth_group ALTER COLUMN id SET DEFAULT nextval('auth_group_id_seq'::regclass);


--
-- Name: id; Type: DEFAULT; Schema: public; Owner: postgres
--

ALTER TABLE ONLY auth_group_permissions ALTER COLUMN id SET DEFAULT nextval('auth_group_permissions_id_seq'::regclass);


--
-- Name: id; Type: DEFAULT; Schema: public; Owner: postgres
--

ALTER TABLE ONLY auth_permission ALTER COLUMN id SET DEFAULT nextval('auth_permission_id_seq'::regclass);


--
-- Name: id; Type: DEFAULT; Schema: public; Owner: postgres
--

ALTER TABLE ONLY django_admin_log ALTER COLUMN id SET DEFAULT nextval('django_admin_log_id_seq'::regclass);


--
-- Name: id; Type: DEFAULT; Schema: public; Owner: postgres
--

ALTER TABLE ONLY django_content_type ALTER COLUMN id SET DEFAULT nextval('django_content_type_id_seq'::regclass);


--
-- Name: id; Type: DEFAULT; Schema: public; Owner: postgres
--

ALTER TABLE ONLY django_migrations ALTER COLUMN id SET DEFAULT nextval('django_migrations_id_seq'::regclass);


--
-- Name: id; Type: DEFAULT; Schema: public; Owner: postgres
--

ALTER TABLE ONLY django_q_ormq ALTER COLUMN id SET DEFAULT nextval('django_q_ormq_id_seq'::regclass);


--
-- Name: id; Type: DEFAULT; Schema: public; Owner: postgres
--

ALTER TABLE ONLY django_q_schedule ALTER COLUMN id SET DEFAULT nextval('django_q_schedule_id_seq'::regclass);


--
-- Name: id; Type: DEFAULT; Schema: public; Owner: postgres
--

ALTER TABLE ONLY django_q_task ALTER COLUMN id SET DEFAULT nextval('django_q_task_id_seq'::regclass);


--
-- Name: id; Type: DEFAULT; Schema: public; Owner: postgres
--

ALTER TABLE ONLY nationcode ALTER COLUMN id SET DEFAULT nextval('nationcode_id_seq'::regclass);


--
-- Name: id; Type: DEFAULT; Schema: public; Owner: postgres
--

ALTER TABLE ONLY service ALTER COLUMN id SET DEFAULT nextval('service_id_seq'::regclass);


--
-- Name: id; Type: DEFAULT; Schema: public; Owner: postgres
--

ALTER TABLE ONLY territory ALTER COLUMN id SET DEFAULT nextval('territory_id_seq'::regclass);


--
-- Name: id; Type: DEFAULT; Schema: public; Owner: postgres
--

ALTER TABLE ONLY "user" ALTER COLUMN id SET DEFAULT nextval('user_id_seq'::regclass);


--
-- Name: id; Type: DEFAULT; Schema: public; Owner: postgres
--

ALTER TABLE ONLY users_connection ALTER COLUMN id SET DEFAULT nextval('users_connection_id_seq'::regclass);


--
-- Name: id; Type: DEFAULT; Schema: public; Owner: postgres
--

ALTER TABLE ONLY users_forget_password ALTER COLUMN id SET DEFAULT nextval('users_forget_password_id_seq'::regclass);


--
-- Name: id; Type: DEFAULT; Schema: public; Owner: postgres
--

ALTER TABLE ONLY users_points_exchange ALTER COLUMN id SET DEFAULT nextval('users_points_exchange_id_seq'::regclass);


--
-- Name: id; Type: DEFAULT; Schema: public; Owner: postgres
--

ALTER TABLE ONLY users_points_transactions ALTER COLUMN id SET DEFAULT nextval('users_points_transactions_id_seq'::regclass);


--
-- Name: id; Type: DEFAULT; Schema: public; Owner: postgres
--

ALTER TABLE ONLY users_push_settings ALTER COLUMN id SET DEFAULT nextval('users_push_settings_id_seq'::regclass);


--
-- Name: id; Type: DEFAULT; Schema: public; Owner: postgres
--

ALTER TABLE ONLY users_ratings ALTER COLUMN id SET DEFAULT nextval('users_ratings_id_seq'::regclass);


--
-- Name: id; Type: DEFAULT; Schema: public; Owner: postgres
--

ALTER TABLE ONLY users_role ALTER COLUMN id SET DEFAULT nextval('users_role_id_seq'::regclass);


--
-- Name: id; Type: DEFAULT; Schema: public; Owner: postgres
--

ALTER TABLE ONLY users_role_permissions ALTER COLUMN id SET DEFAULT nextval('users_role_permissions_id_seq'::regclass);


--
-- Name: id; Type: DEFAULT; Schema: public; Owner: postgres
--

ALTER TABLE ONLY utilities ALTER COLUMN id SET DEFAULT nextval('utilities_id_seq'::regclass);


--
-- Name: id; Type: DEFAULT; Schema: public; Owner: postgres
--

ALTER TABLE ONLY utility_image ALTER COLUMN id SET DEFAULT nextval('utility_image_id_seq'::regclass);


--
-- Name: id; Type: DEFAULT; Schema: public; Owner: postgres
--

ALTER TABLE ONLY utility_status ALTER COLUMN id SET DEFAULT nextval('utility_id_seq'::regclass);


--
-- Data for Name: auth_group; Type: TABLE DATA; Schema: public; Owner: postgres
--

COPY auth_group (id, name) FROM stdin;
\.


--
-- Name: auth_group_id_seq; Type: SEQUENCE SET; Schema: public; Owner: postgres
--

SELECT pg_catalog.setval('auth_group_id_seq', 1, false);


--
-- Data for Name: auth_group_permissions; Type: TABLE DATA; Schema: public; Owner: postgres
--

COPY auth_group_permissions (id, group_id, permission_id) FROM stdin;
\.


--
-- Name: auth_group_permissions_id_seq; Type: SEQUENCE SET; Schema: public; Owner: postgres
--

SELECT pg_catalog.setval('auth_group_permissions_id_seq', 1, false);


--
-- Data for Name: auth_permission; Type: TABLE DATA; Schema: public; Owner: postgres
--

COPY auth_permission (id, name, content_type_id, codename) FROM stdin;
40	Can add permission	1	add_permission
41	Can change permission	1	change_permission
42	Can delete permission	1	delete_permission
43	Can add group	2	add_group
44	Can change group	2	change_group
45	Can delete group	2	delete_group
46	Can add content type	3	add_contenttype
47	Can change content type	3	change_contenttype
48	Can delete content type	3	delete_contenttype
49	Can read roles	5	read_users_role
50	Can add roles	5	add_users_role
51	Can edit roles	5	edit_users_role
52	Can delete roles	5	delete_users_role
53	Can read users	4	read_users_user
54	Can add users	4	add_users_user
55	Can edit users	4	edit_users_user
56	Can delete users	4	delete_users_user
57	Can read users connections	6	read_users_connection
58	Can add users connections	6	add_users_connection
59	Can edit users connections	6	edit_users_connection
60	Can delete users connections	6	delete_users_connection
61	Can read user push settings	8	read_users_userpushsettings
62	Can add user push settings	8	add_users_userpushsettings
63	Can edit user push settings	8	edit_users_userpushsettings
64	Can delete user push settings	8	delete_users_userpushsettings
65	Can read nationcodes	7	read_nationcode_nationcode
66	Can add nationcodes	7	add_nationcode_nationcode
67	Can edit nationcodes	7	edit_nationcode_nationcode
68	Can delete nationcodes	7	delete_nationcode_nationcode
69	Can read territories	9	read_territory_territory
70	Can add territories	9	add_territory_territory
71	Can edit territories	9	edit_territory_territory
72	Can delete territories	9	delete_territory_territory
73	Can read utility status	10	read_utility_utilitystatus
74	Can add utility status	10	add_utility_utilitystatus
75	Can edit utility status	10	edit_utility_utilitystatus
76	Can delete utility status	10	delete_utility_utilitystatus
77	Can read utility	11	read_utility_utility
78	Can add utility	11	add_utility_utility
79	Can edit utility	11	edit_utility_utility
80	Can delete utility	11	delete_utility_utility
81	Can add log entry	12	add_logentry
82	Can change log entry	12	change_logentry
83	Can delete log entry	12	delete_logentry
84	Can read users forget password	13	read_users_forget_password
85	Can add users forget password	13	add_users_forget_password
86	Can edit users forget password	13	edit_users_forget_password
87	Can delete users forget password	13	delete_users_forget_password
88	Can add Scheduled task	14	add_schedule
89	Can change Scheduled task	14	change_schedule
90	Can delete Scheduled task	14	delete_schedule
91	Can add task	15	add_task
92	Can change task	15	change_task
93	Can delete task	15	delete_task
94	Can add Failed task	15	add_failure
95	Can change Failed task	15	change_failure
96	Can delete Failed task	15	delete_failure
97	Can add Successful task	15	add_success
98	Can change Successful task	15	change_success
99	Can delete Successful task	15	delete_success
100	Can add Queued task	16	add_ormq
101	Can change Queued task	16	change_ormq
102	Can delete Queued task	16	delete_ormq
103	Can read users points exchange	19	read_users_pointsexchange
104	Can add users points exchange	19	add_users_pointsexchange
105	Can edit users points exchange	19	edit_users_pointsexchange
106	Can delete users points exchange	19	delete_users_pointsexchange
107	Can read utility images	20	read_utility_utilityimage
108	Can add utility images	20	add_utility_utilityimage
109	Can edit utility images	20	edit_utility_utilityimage
110	Can delete utility images	20	delete_utility_utilityimage
111	Can read points transactions	21	read_users_pointstransactions
112	Can add points transactions	21	add_users_pointstransactions
113	Can edit points transactions	21	edit_users_pointstransactions
114	Can delete points transactions	21	delete_users_pointstransactions
115	Can add service	22	add_service
116	Can change service	22	change_service
117	Can delete service	22	delete_service
118	Can read users rating	23	read_users_rating
119	Can add users rating	23	add_users_rating
120	Can edit users rating	23	edit_users_rating
121	Can delete users rating	23	delete_users_rating
\.


--
-- Name: auth_permission_id_seq; Type: SEQUENCE SET; Schema: public; Owner: postgres
--

SELECT pg_catalog.setval('auth_permission_id_seq', 121, true);


--
-- Data for Name: django_admin_log; Type: TABLE DATA; Schema: public; Owner: postgres
--

COPY django_admin_log (id, action_time, object_id, object_repr, action_flag, change_message, content_type_id, user_id) FROM stdin;
\.


--
-- Name: django_admin_log_id_seq; Type: SEQUENCE SET; Schema: public; Owner: postgres
--

SELECT pg_catalog.setval('django_admin_log_id_seq', 1, false);


--
-- Data for Name: django_content_type; Type: TABLE DATA; Schema: public; Owner: postgres
--

COPY django_content_type (id, app_label, model) FROM stdin;
1	auth	permission
2	auth	group
3	contenttypes	contenttype
4	users	user
5	users	role
6	users	connection
7	nationcode	nationcode
8	users	userpushsettings
9	territory	territory
11	utility	utility
10	utility	utilitystatus
12	admin	logentry
13	users	forgetpassword
14	django_q	schedule
15	django_q	task
16	django_q	ormq
17	django_q	failure
18	django_q	success
19	users	pointsexchange
20	utility	utilityimage
21	users	pointstransactions
22	service	service
23	users	userratings
\.


--
-- Name: django_content_type_id_seq; Type: SEQUENCE SET; Schema: public; Owner: postgres
--

SELECT pg_catalog.setval('django_content_type_id_seq', 23, true);


--
-- Data for Name: django_migrations; Type: TABLE DATA; Schema: public; Owner: postgres
--

COPY django_migrations (id, app, name, applied) FROM stdin;
1	contenttypes	0001_initial	2017-08-13 20:12:03.40213+00
2	contenttypes	0002_remove_content_type_name	2017-08-13 20:12:03.411817+00
3	auth	0001_initial	2017-08-13 20:12:03.464761+00
4	auth	0002_alter_permission_name_max_length	2017-08-13 20:12:03.471889+00
5	auth	0003_alter_user_email_max_length	2017-08-13 20:12:03.478952+00
6	auth	0004_alter_user_username_opts	2017-08-13 20:12:03.486341+00
7	auth	0005_alter_user_last_login_null	2017-08-13 20:12:03.493659+00
8	auth	0006_require_contenttypes_0002	2017-08-13 20:12:03.503916+00
9	auth	0007_alter_validators_add_error_messages	2017-08-13 20:12:03.511206+00
10	auth	0008_alter_user_username_max_length	2017-08-13 20:12:03.519734+00
11	nationcode	0001_initial	2017-08-13 20:12:03.530742+00
12	users	0001_initial	2017-08-13 20:12:03.579285+00
13	users	0002_auto_20170812_1922	2017-08-13 20:12:03.620302+00
14	users	0003_auto_20170813_1319	2017-08-13 20:12:03.707676+00
15	users	0004_connection_is_rejected	2017-08-13 20:12:03.730819+00
16	users	0005_auto_20170813_1718	2017-08-13 20:12:03.75819+00
17	users	0006_auto_20170813_1811	2017-08-13 20:12:03.805776+00
18	users	0007_auto_20170814_2109	2017-08-16 13:03:57.751821+00
19	territory	0001_initial	2017-08-17 16:09:23.105913+00
20	territory	0002_auto_20170817_1837	2017-08-17 21:20:52.48737+00
21	utility	0001_initial	2017-08-17 21:20:52.524143+00
22	territory	0003_auto_20170819_1913	2017-08-22 04:01:18.949016+00
23	utility	0002_auto_20170821_2233	2017-08-22 04:01:19.020078+00
24	utility	0003_utility_description	2017-08-22 04:01:19.048517+00
25	utility	0004_auto_20170822_0006	2017-08-22 04:01:19.074595+00
26	utility	0005_auto_20170822_0025	2017-08-22 04:01:19.086893+00
27	utility	0006_auto_20170822_0026	2017-08-22 04:01:19.097539+00
28	common	0001_initial	2017-08-23 12:41:02.767702+00
29	utility	0007_utility_location	2017-08-23 12:41:02.779488+00
30	utility	0008_utility_manage_user	2017-08-31 08:51:51.994189+00
31	utility	0009_auto_20170830_1835	2017-08-31 08:51:52.008256+00
32	utility	0010_auto_20170830_1915	2017-08-31 08:51:52.045186+00
33	users	0008_auto_20170831_1925	2017-09-01 18:41:00.990382+00
34	users	0009_auto_20170831_1939	2017-09-01 18:41:01.016043+00
35	common	0002_auto_20170828_1948	2017-09-01 18:41:01.100817+00
36	nationcode	0002_auto_20170830_2012	2017-09-01 18:41:01.105606+00
37	territory	0004_auto_20170830_2012	2017-09-01 18:41:01.116201+00
38	utility	0008_auto_20170830_2012	2017-09-01 18:41:01.132418+00
39	utility	0011_merge_20170831_2019	2017-09-01 18:41:01.134581+00
40	admin	0001_initial	2017-09-03 12:22:51.011162+00
41	admin	0002_logentry_remove_auto_add	2017-09-03 12:22:51.027543+00
42	users	0010_forgetpassword	2017-09-04 09:59:37.967731+00
43	users	0011_forgetpassword_token	2017-09-04 09:59:37.983551+00
44	utility	0012_auto_20170904_0726	2017-09-04 09:59:38.170329+00
45	nationcode	0003_auto_20170904_2007	2017-09-06 07:45:02.360902+00
46	territory	0005_auto_20170904_2007	2017-09-06 07:45:02.382133+00
47	users	0012_auto_20170904_2007	2017-09-06 07:45:02.697299+00
48	utility	0013_auto_20170904_2007	2017-09-06 07:45:02.932907+00
49	django_q	0001_initial	2017-09-14 07:55:29.36659+00
50	django_q	0002_auto_20150630_1624	2017-09-14 07:55:29.40172+00
51	django_q	0003_auto_20150708_1326	2017-09-14 07:55:29.426086+00
52	django_q	0004_auto_20150710_1043	2017-09-14 07:55:29.436668+00
53	django_q	0005_auto_20150718_1506	2017-09-14 07:55:29.447511+00
54	django_q	0006_auto_20150805_1817	2017-09-14 07:55:29.457224+00
55	django_q	0007_ormq	2017-09-14 07:55:29.473339+00
56	django_q	0008_auto_20160224_1026	2017-09-14 07:55:29.478753+00
57	users	0013_auto_20170910_1710	2017-09-14 07:55:29.542537+00
58	utility	0014_utilityimage	2017-10-02 13:46:57.050896+00
59	users	0014_pointstransactions	2017-10-09 12:23:08.187382+00
60	users	0015_auto_20171006_1736	2017-10-09 12:23:08.267986+00
61	service	0001_initial	2017-10-24 13:11:56.842442+00
62	service	0002_auto_20171024_1256	2017-10-24 13:11:56.854661+00
63	territory	0006_auto_20171024_1256	2017-10-24 13:11:56.942243+00
64	users	0016_userratings	2017-10-31 13:33:32.256879+00
65	users	0017_auto_20171031_1328	2017-10-31 13:33:32.295705+00
66	utility	0015_utility_days	2017-11-01 12:39:05.642892+00
67	utility	0016_utility_owner_user	2017-11-08 12:57:21.401536+00
68	users	0018_auto_20171109_1758	2017-11-09 18:32:41.24015+00
69	users	0019_auto_20171109_1810	2017-11-09 18:32:41.259275+00
70	users	0020_auto_20171109_1818	2017-11-09 18:32:41.27721+00
71	users	0021_auto_20171109_1824	2017-11-09 18:32:41.295858+00
72	utility	0017_auto_20171112_1746	2017-11-12 18:10:10.594682+00
\.


--
-- Name: django_migrations_id_seq; Type: SEQUENCE SET; Schema: public; Owner: postgres
--

SELECT pg_catalog.setval('django_migrations_id_seq', 72, true);


--
-- Data for Name: django_q_ormq; Type: TABLE DATA; Schema: public; Owner: postgres
--

COPY django_q_ormq (id, key, payload, lock) FROM stdin;
\.


--
-- Name: django_q_ormq_id_seq; Type: SEQUENCE SET; Schema: public; Owner: postgres
--

SELECT pg_catalog.setval('django_q_ormq_id_seq', 1, false);


--
-- Data for Name: django_q_schedule; Type: TABLE DATA; Schema: public; Owner: postgres
--

COPY django_q_schedule (id, func, hook, args, kwargs, schedule_type, repeats, next_run, task, name, minutes) FROM stdin;
\.


--
-- Name: django_q_schedule_id_seq; Type: SEQUENCE SET; Schema: public; Owner: postgres
--

SELECT pg_catalog.setval('django_q_schedule_id_seq', 1, false);


--
-- Data for Name: django_q_task; Type: TABLE DATA; Schema: public; Owner: postgres
--

COPY django_q_task (id, name, func, hook, args, kwargs, result, started, stopped, success, "group") FROM stdin;
62d2401d6f744ec38767bb277615843b	victor-music-london-tennis	django.core.mail.send_mail	\N	gASV9wAAAAAAAAAojBdkamFuZ28udXRpbHMuZnVuY3Rpb25hbJSMFF9sYXp5X3Byb3h5X3VucGlja2xllJOUKIwYZGphbmdvLnV0aWxzLnRyYW5zbGF0aW9ulIwIdWdldHRleHSUk5SMFlJlc2V0IHBhc3N3b3JkIGNvbmZpcm2UhZR9lIwIYnVpbHRpbnOUjANzdHKUk5R0lFKUaAIoaAWMKFBhc3N3b3JkIHJlc2V0IGNvbmZpcm1hdGlvbiBjb2RlOiBMUzU0TkyUhZR9lGgLdJRSlIwPYW5naWFAYW5naWEuY29tlF2UjBFxdTRuZ2NvQGdtYWlsLmNvbZRhdJQu	gASVAwAAAAAAAAB9lC4=	gASVoQAAAAAAAACMnSg1MzAsIGInNS41LjEgQXV0aGVudGljYXRpb24gUmVxdWlyZWQuIExlYXJuIG1vcmUgYXRcbjUuNS4xICBodHRwczovL3N1cHBvcnQuZ29vZ2xlLmNvbS9tYWlsLz9wPVdhbnRBdXRoRXJyb3IgNzVzbTI4Nzc4NzdwZnguMTQ1IC0gZ3NtdHAnLCAnYW5naWFAYW5naWEuY29tJymULg==	2017-09-21 12:42:51.858779+00	2017-09-21 12:42:52.876535+00	f	\N
ae98add6c9874f429c5a657965428b6e	fourteen-fifteen-ten-seven	django.core.mail.send_mail	\N	gASV9wAAAAAAAAAojBdkamFuZ28udXRpbHMuZnVuY3Rpb25hbJSMFF9sYXp5X3Byb3h5X3VucGlja2xllJOUKIwYZGphbmdvLnV0aWxzLnRyYW5zbGF0aW9ulIwIdWdldHRleHSUk5SMFlJlc2V0IHBhc3N3b3JkIGNvbmZpcm2UhZR9lIwIYnVpbHRpbnOUjANzdHKUk5R0lFKUaAIoaAWMKFBhc3N3b3JkIHJlc2V0IGNvbmZpcm1hdGlvbiBjb2RlOiAwVlBQN0yUhZR9lGgLdJRSlIwPYW5naWFAYW5naWEuY29tlF2UjBFxdTRuZ2NvQGdtYWlsLmNvbZRhdJQu	gASVAwAAAAAAAAB9lC4=	gASVoAAAAAAAAACMnCg1MzAsIGInNS41LjEgQXV0aGVudGljYXRpb24gUmVxdWlyZWQuIExlYXJuIG1vcmUgYXRcbjUuNS4xICBodHRwczovL3N1cHBvcnQuZ29vZ2xlLmNvbS9tYWlsLz9wPVdhbnRBdXRoRXJyb3IgYjFzbTI0NjA1OTdwZ24uNTUgLSBnc210cCcsICdhbmdpYUBhbmdpYS5jb20nKZQu	2017-09-21 12:46:35.482449+00	2017-09-21 12:46:36.529384+00	f	\N
a8f65b5702f14dcfba2b888f6afcddc2	gee-kilo-music-michigan	django.core.mail.send_mail	\N	gASV9wAAAAAAAAAojBdkamFuZ28udXRpbHMuZnVuY3Rpb25hbJSMFF9sYXp5X3Byb3h5X3VucGlja2xllJOUKIwYZGphbmdvLnV0aWxzLnRyYW5zbGF0aW9ulIwIdWdldHRleHSUk5SMFlJlc2V0IHBhc3N3b3JkIGNvbmZpcm2UhZR9lIwIYnVpbHRpbnOUjANzdHKUk5R0lFKUaAIoaAWMKFBhc3N3b3JkIHJlc2V0IGNvbmZpcm1hdGlvbiBjb2RlOiBXOE85RUiUhZR9lGgLdJRSlIwPYW5naWFAYW5naWEuY29tlF2UjBFxdTRuZ2NvQGdtYWlsLmNvbZRhdJQu	gASVAwAAAAAAAAB9lC4=	gASVoQAAAAAAAACMnSg1MzAsIGInNS41LjEgQXV0aGVudGljYXRpb24gUmVxdWlyZWQuIExlYXJuIG1vcmUgYXRcbjUuNS4xICBodHRwczovL3N1cHBvcnQuZ29vZ2xlLmNvbS9tYWlsLz9wPVdhbnRBdXRoRXJyb3IgazEyc20xODc2MTQ4M3BndC4zIC0gZ3NtdHAnLCAnYW5naWFAYW5naWEuY29tJymULg==	2017-09-26 15:40:52.768914+00	2017-09-26 15:40:53.767988+00	f	\N
e108700a0ef44706bcbe2acf3fda5fbb	moon-robin-uniform-alabama	django.core.mail.send_mail	\N	gASV9wAAAAAAAAAojBdkamFuZ28udXRpbHMuZnVuY3Rpb25hbJSMFF9sYXp5X3Byb3h5X3VucGlja2xllJOUKIwYZGphbmdvLnV0aWxzLnRyYW5zbGF0aW9ulIwIdWdldHRleHSUk5SMFlJlc2V0IHBhc3N3b3JkIGNvbmZpcm2UhZR9lIwIYnVpbHRpbnOUjANzdHKUk5R0lFKUaAIoaAWMKFBhc3N3b3JkIHJlc2V0IGNvbmZpcm1hdGlvbiBjb2RlOiBSSk9BSjWUhZR9lGgLdJRSlIwPYW5naWFAYW5naWEuY29tlF2UjBFxdTRuZ2NvQGdtYWlsLmNvbZRhdJQu	gASVAwAAAAAAAAB9lC4=	gASVAwAAAAAAAABLAS4=	2017-09-26 15:48:58.569671+00	2017-09-26 15:49:02.520861+00	t	\N
cfe3d0de6017481fb464b52b2182c83c	carpet-cardinal-foxtrot-grey	django.core.mail.send_mail	\N	gASV9wAAAAAAAAAojBdkamFuZ28udXRpbHMuZnVuY3Rpb25hbJSMFF9sYXp5X3Byb3h5X3VucGlja2xllJOUKIwYZGphbmdvLnV0aWxzLnRyYW5zbGF0aW9ulIwIdWdldHRleHSUk5SMFlJlc2V0IHBhc3N3b3JkIGNvbmZpcm2UhZR9lIwIYnVpbHRpbnOUjANzdHKUk5R0lFKUaAIoaAWMKFBhc3N3b3JkIHJlc2V0IGNvbmZpcm1hdGlvbiBjb2RlOiA2MDcwODiUhZR9lGgLdJRSlIwPYW5naWFAYW5naWEuY29tlF2UjBFxdTRuZ2NvQGdtYWlsLmNvbZRhdJQu	gASVAwAAAAAAAAB9lC4=	gASVAwAAAAAAAABLAS4=	2017-09-26 15:54:03.782772+00	2017-09-26 15:54:06.736823+00	t	\N
755db2381f9b40b8bd510fdedbe6227d	ohio-london-eleven-illinois	django.core.mail.send_mail	\N	gASV9wAAAAAAAAAojBdkamFuZ28udXRpbHMuZnVuY3Rpb25hbJSMFF9sYXp5X3Byb3h5X3VucGlja2xllJOUKIwYZGphbmdvLnV0aWxzLnRyYW5zbGF0aW9ulIwIdWdldHRleHSUk5SMFlJlc2V0IHBhc3N3b3JkIGNvbmZpcm2UhZR9lIwIYnVpbHRpbnOUjANzdHKUk5R0lFKUaAIoaAWMKFBhc3N3b3JkIHJlc2V0IGNvbmZpcm1hdGlvbiBjb2RlOiAyOTQ2ODSUhZR9lGgLdJRSlIwPYW5naWFAYW5naWEuY29tlF2UjBFxdTRuZ2NvQGdtYWlsLmNvbZRhdJQu	gASVAwAAAAAAAAB9lC4=	gASVAwAAAAAAAABLAS4=	2017-09-28 07:47:22.387766+00	2017-09-28 07:47:26.384773+00	t	\N
66861fc86fb34054b686f4e177f4b21e	earth-six-charlie-dakota	django.core.mail.send_mail	\N	gASV9AAAAAAAAAAojBdkamFuZ28udXRpbHMuZnVuY3Rpb25hbJSMFF9sYXp5X3Byb3h5X3VucGlja2xllJOUKIwYZGphbmdvLnV0aWxzLnRyYW5zbGF0aW9ulIwIdWdldHRleHSUk5SMFlJlc2V0IHBhc3N3b3JkIGNvbmZpcm2UhZR9lIwIYnVpbHRpbnOUjANzdHKUk5R0lFKUaAIoaAWMKFBhc3N3b3JkIHJlc2V0IGNvbmZpcm1hdGlvbiBjb2RlOiA3Nzg5NTaUhZR9lGgLdJRSlIwPYW5naWFAYW5naWEuY29tlF2UjA5pbmZvQGFuZ2lhLnRvcJRhdJQu	gASVAwAAAAAAAAB9lC4=	gASVAwAAAAAAAABLAS4=	2017-10-01 15:45:40.876061+00	2017-10-01 15:45:44.966669+00	t	\N
b9424b344a634d959980aa917b2eb582	mars-washington-carpet-illinois	django.core.mail.send_mail	\N	gASV+AAAAAAAAAAojBdkamFuZ28udXRpbHMuZnVuY3Rpb25hbJSMFF9sYXp5X3Byb3h5X3VucGlja2xllJOUKIwYZGphbmdvLnV0aWxzLnRyYW5zbGF0aW9ulIwIdWdldHRleHSUk5SMFlJlc2V0IHBhc3N3b3JkIGNvbmZpcm2UhZR9lIwIYnVpbHRpbnOUjANzdHKUk5R0lFKUaAIoaAWMKFBhc3N3b3JkIHJlc2V0IGNvbmZpcm1hdGlvbiBjb2RlOiAxMDM5ODWUhZR9lGgLdJRSlIwPYW5naWFAYW5naWEuY29tlF2UjBJ0aHVjbHZAdmVnYS5jb20udm6UYXSULg==	gASVAwAAAAAAAAB9lC4=	gASVAwAAAAAAAABLAS4=	2017-10-05 16:44:27.365168+00	2017-10-05 16:44:31.321151+00	t	\N
2a5bb16b33734a94aad1f61942f7f07d	papa-north-mountain-east	django.core.mail.send_mail	\N	gASV+AAAAAAAAAAojBdkamFuZ28udXRpbHMuZnVuY3Rpb25hbJSMFF9sYXp5X3Byb3h5X3VucGlja2xllJOUKIwYZGphbmdvLnV0aWxzLnRyYW5zbGF0aW9ulIwIdWdldHRleHSUk5SMFlJlc2V0IHBhc3N3b3JkIGNvbmZpcm2UhZR9lIwIYnVpbHRpbnOUjANzdHKUk5R0lFKUaAIoaAWMKFBhc3N3b3JkIHJlc2V0IGNvbmZpcm1hdGlvbiBjb2RlOiA5NzMyODSUhZR9lGgLdJRSlIwPYW5naWFAYW5naWEuY29tlF2UjBJ0aHVjbHZAdmVnYS5jb20udm6UYXSULg==	gASVAwAAAAAAAAB9lC4=	gASVAwAAAAAAAABLAS4=	2017-10-05 17:18:10.745866+00	2017-10-05 17:18:14.06376+00	t	\N
ab2c4d07a4e3425a8630d9edc4817b91	sodium-hotel-mango-pip	django.core.mail.send_mail	\N	gASVHAEAAAAAAAAojBdkamFuZ28udXRpbHMuZnVuY3Rpb25hbJSMFF9sYXp5X3Byb3h5X3VucGlja2xllJOUKIwYZGphbmdvLnV0aWxzLnRyYW5zbGF0aW9ulIwIdWdldHRleHSUk5SMEVV0aWxpdHkgY29uZmlybWVklIWUfZSMCGJ1aWx0aW5zlIwDc3RylJOUdJRSlGgCKGgFjFJZb3VyIHV0aWxpdHkgInF1YW5nIGNvIGRpbmgiIGhhcyBiZWVuIGFwcHJvdmVkIGFuZCB3aWxsIGJlIGFjdGl2ZSB1bnRpbCAyMDE3LTEwLTMxlIWUfZRoC3SUUpSMD2FuZ2lhQGFuZ2lhLmNvbZRdlIwRcXU0bmdjb0BnbWFpbC5jb22UYXSULg==	gASVAwAAAAAAAAB9lC4=	gASVAwAAAAAAAABLAS4=	2017-11-01 12:41:37.228295+00	2017-11-01 12:41:40.380883+00	t	\N
43e4e6ff75f3459b92e174d3e9979cd1	sad-hamper-steak-diet	django.core.mail.send_mail	\N	gASVFwEAAAAAAAAojBdkamFuZ28udXRpbHMuZnVuY3Rpb25hbJSMFF9sYXp5X3Byb3h5X3VucGlja2xllJOUKIwYZGphbmdvLnV0aWxzLnRyYW5zbGF0aW9ulIwIdWdldHRleHSUk5SMEVV0aWxpdHkgY29uZmlybWVklIWUfZSMCGJ1aWx0aW5zlIwDc3RylJOUdJRSlGgCKGgFjE1Zb3VyIHV0aWxpdHkgIm5ldyBuYW1lIiBoYXMgYmVlbiBhcHByb3ZlZCBhbmQgd2lsbCBiZSBhY3RpdmUgdW50aWwgMjAxNy0xMS0wM5SFlH2UaAt0lFKUjA9hbmdpYUBhbmdpYS5jb22UXZSMEXF1NG5nY29AZ21haWwuY29tlGF0lC4=	gASVAwAAAAAAAAB9lC4=	gASVAwAAAAAAAABLAS4=	2017-11-02 02:04:41.185872+00	2017-11-02 02:04:44.510295+00	t	\N
6dff090615544cfba00f686c42cd1434	nitrogen-winner-papa-pip	django.core.mail.send_mail	\N	gASVFwEAAAAAAAAojBdkamFuZ28udXRpbHMuZnVuY3Rpb25hbJSMFF9sYXp5X3Byb3h5X3VucGlja2xllJOUKIwYZGphbmdvLnV0aWxzLnRyYW5zbGF0aW9ulIwIdWdldHRleHSUk5SMEVV0aWxpdHkgY29uZmlybWVklIWUfZSMCGJ1aWx0aW5zlIwDc3RylJOUdJRSlGgCKGgFjE1Zb3VyIHV0aWxpdHkgIm5ldyBuYW1lIiBoYXMgYmVlbiBhcHByb3ZlZCBhbmQgd2lsbCBiZSBhY3RpdmUgdW50aWwgMjAxNy0xMS0wM5SFlH2UaAt0lFKUjA9hbmdpYUBhbmdpYS5jb22UXZSMEXF1NG5nY29AZ21haWwuY29tlGF0lC4=	gASVAwAAAAAAAAB9lC4=	gASVAwAAAAAAAABLAS4=	2017-11-02 02:04:43.80677+00	2017-11-02 02:04:46.788761+00	t	\N
bc9836dc67a5463fbaa584f2a6433a40	solar-robin-jersey-november	django.core.mail.send_mail	\N	gASVIgEAAAAAAAAojBdkamFuZ28udXRpbHMuZnVuY3Rpb25hbJSMFF9sYXp5X3Byb3h5X3VucGlja2xllJOUKIwYZGphbmdvLnV0aWxzLnRyYW5zbGF0aW9ulIwIdWdldHRleHSUk5SMEVV0aWxpdHkgY29uZmlybWVklIWUfZSMCGJ1aWx0aW5zlIwDc3RylJOUdJRSlGgCKGgFjFtZb3VyIHV0aWxpdHkgIktow6FjaCBT4bqhbiBOZ8O0aSBTYW8iIGhhcyBiZWVuIGFwcHJvdmVkIGFuZCB3aWxsIGJlIGFjdGl2ZSB1bnRpbCAyMDE4LTEyLTMxlIWUfZRoC3SUUpSMD2FuZ2lhQGFuZ2lhLmNvbZRdlIwOaW5mb0BhbmdpYS50b3CUYXSULg==	gASVAwAAAAAAAAB9lC4=	gASVAwAAAAAAAABLAS4=	2017-11-02 02:04:59.140212+00	2017-11-02 02:05:01.316886+00	t	\N
a1d3dcfe5bde4de58c5b13ed19e098f2	friend-crazy-cold-moon	django.core.mail.send_mail	\N	gASVHQEAAAAAAAAojBdkamFuZ28udXRpbHMuZnVuY3Rpb25hbJSMFF9sYXp5X3Byb3h5X3VucGlja2xllJOUKIwYZGphbmdvLnV0aWxzLnRyYW5zbGF0aW9ulIwIdWdldHRleHSUk5SMEVV0aWxpdHkgY29uZmlybWVklIWUfZSMCGJ1aWx0aW5zlIwDc3RylJOUdJRSlGgCKGgFjFZZb3VyIHV0aWxpdHkgIkLDum4gQsOyIExhbSBTxqFuIiBoYXMgYmVlbiBhcHByb3ZlZCBhbmQgd2lsbCBiZSBhY3RpdmUgdW50aWwgMjAxOC0xMi0wMZSFlH2UaAt0lFKUjA9hbmdpYUBhbmdpYS5jb22UXZSMDmluZm9AYW5naWEudG9wlGF0lC4=	gASVAwAAAAAAAAB9lC4=	gASVAwAAAAAAAABLAS4=	2017-11-02 02:05:21.506373+00	2017-11-02 02:05:23.779376+00	t	\N
67f49c839478438e9a9d3a56bb8be1e9	mirror-carolina-johnny-east	django.core.mail.send_mail	\N	gASVAwEAAAAAAAAojBdkamFuZ28udXRpbHMuZnVuY3Rpb25hbJSMFF9sYXp5X3Byb3h5X3VucGlja2xllJOUKIwYZGphbmdvLnV0aWxzLnRyYW5zbGF0aW9ulIwIdWdldHRleHSUk5SMEVV0aWxpdHkgY29uZmlybWVklIWUfZSMCGJ1aWx0aW5zlIwDc3RylJOUdJRSlGgCKGgFjEpZb3VyIHV0aWxpdHkgIlF1YW5nIiBoYXMgYmVlbiBhcHByb3ZlZCBhbmQgd2lsbCBiZSBhY3RpdmUgdW50aWwgMjAxNy0xMC0yNpSFlH2UaAt0lFKUjA9hbmdpYUBhbmdpYS5jb22UXZSMAJRhdJQu	gASVAwAAAAAAAAB9lC4=	gASVAwAAAAAAAABLAC4=	2017-11-02 02:06:26.403816+00	2017-11-02 02:06:26.405975+00	t	\N
d0e7e55c638045ab834b80b9f2279c7a	missouri-august-washington-diet	django.core.mail.send_mail	\N	gASVHAEAAAAAAAAojBdkamFuZ28udXRpbHMuZnVuY3Rpb25hbJSMFF9sYXp5X3Byb3h5X3VucGlja2xllJOUKIwYZGphbmdvLnV0aWxzLnRyYW5zbGF0aW9ulIwIdWdldHRleHSUk5SMEVV0aWxpdHkgY29uZmlybWVklIWUfZSMCGJ1aWx0aW5zlIwDc3RylJOUdJRSlGgCKGgFjFVZb3VyIHV0aWxpdHkgInRoZSBnaW9pIGNhbSB0YXkiIGhhcyBiZWVuIGFwcHJvdmVkIGFuZCB3aWxsIGJlIGFjdGl2ZSB1bnRpbCAyMDE3LTEyLTAzlIWUfZRoC3SUUpSMD2FuZ2lhQGFuZ2lhLmNvbZRdlIwOaW5mb0BhbmdpYS50b3CUYXSULg==	gASVAwAAAAAAAAB9lC4=	gASVAwAAAAAAAABLAS4=	2017-11-02 06:54:04.394379+00	2017-11-02 06:54:07.101781+00	t	\N
c80999a7f32a49398913332b5af90581	zulu-oven-mango-coffee	django.core.mail.send_mail	\N	gASVHAEAAAAAAAAojBdkamFuZ28udXRpbHMuZnVuY3Rpb25hbJSMFF9sYXp5X3Byb3h5X3VucGlja2xllJOUKIwYZGphbmdvLnV0aWxzLnRyYW5zbGF0aW9ulIwIdWdldHRleHSUk5SMEVV0aWxpdHkgY29uZmlybWVklIWUfZSMCGJ1aWx0aW5zlIwDc3RylJOUdJRSlGgCKGgFjFVZb3VyIHV0aWxpdHkgIkxBUFRPUCBHScOBIFLhuroiIGhhcyBiZWVuIGFwcHJvdmVkIGFuZCB3aWxsIGJlIGFjdGl2ZSB1bnRpbCAyMDE4LTAyLTAzlIWUfZRoC3SUUpSMD2FuZ2lhQGFuZ2lhLmNvbZRdlIwOaW5mb0BhbmdpYS50b3CUYXSULg==	gASVAwAAAAAAAAB9lC4=	gASVAwAAAAAAAABLAS4=	2017-11-03 11:20:42.659171+00	2017-11-03 11:20:45.877483+00	t	\N
83e210c804ec40ea916059abffba574e	river-fanta-alaska-helium	django.core.mail.send_mail	\N	gASVEAEAAAAAAAAojBdkamFuZ28udXRpbHMuZnVuY3Rpb25hbJSMFF9sYXp5X3Byb3h5X3VucGlja2xllJOUKIwYZGphbmdvLnV0aWxzLnRyYW5zbGF0aW9ulIwIdWdldHRleHSUk5SMEVV0aWxpdHkgY29uZmlybWVklIWUfZSMCGJ1aWx0aW5zlIwDc3RylJOUdJRSlGgCKGgFjElZb3VyIHV0aWxpdHkgImNhZmUiIGhhcyBiZWVuIGFwcHJvdmVkIGFuZCB3aWxsIGJlIGFjdGl2ZSB1bnRpbCAyMDE4LTExLTAzlIWUfZRoC3SUUpSMD2FuZ2lhQGFuZ2lhLmNvbZRdlIwOaW5mb0BhbmdpYS50b3CUYXSULg==	gASVAwAAAAAAAAB9lC4=	gASVAwAAAAAAAABLAS4=	2017-11-03 11:21:27.052114+00	2017-11-03 11:21:29.323989+00	t	\N
d4f6373c212d40139b1e166ba9697ac7	cold-hotel-wisconsin-louisiana	django.core.mail.send_mail	\N	gASVHAEAAAAAAAAojBdkamFuZ28udXRpbHMuZnVuY3Rpb25hbJSMFF9sYXp5X3Byb3h5X3VucGlja2xllJOUKIwYZGphbmdvLnV0aWxzLnRyYW5zbGF0aW9ulIwIdWdldHRleHSUk5SMEVV0aWxpdHkgY29uZmlybWVklIWUfZSMCGJ1aWx0aW5zlIwDc3RylJOUdJRSlGgCKGgFjFVZb3VyIHV0aWxpdHkgIlRoZSBDb2ZmZWUgSG91c2UiIGhhcyBiZWVuIGFwcHJvdmVkIGFuZCB3aWxsIGJlIGFjdGl2ZSB1bnRpbCAyMDE3LTEyLTA4lIWUfZRoC3SUUpSMD2FuZ2lhQGFuZ2lhLmNvbZRdlIwOaW5mb0BhbmdpYS50b3CUYXSULg==	gASVAwAAAAAAAAB9lC4=	gASVAwAAAAAAAABLAS4=	2017-11-03 11:52:30.368356+00	2017-11-03 11:52:33.083154+00	t	\N
d01c7223bcc2426a8b224a6622714771	nitrogen-green-maryland-ink	django.core.mail.send_mail	\N	gASVHAEAAAAAAAAojBdkamFuZ28udXRpbHMuZnVuY3Rpb25hbJSMFF9sYXp5X3Byb3h5X3VucGlja2xllJOUKIwYZGphbmdvLnV0aWxzLnRyYW5zbGF0aW9ulIwIdWdldHRleHSUk5SMEVV0aWxpdHkgY29uZmlybWVklIWUfZSMCGJ1aWx0aW5zlIwDc3RylJOUdJRSlGgCKGgFjFVZb3VyIHV0aWxpdHkgIlRoZSBDb2ZmZWUgSG91c2UiIGhhcyBiZWVuIGFwcHJvdmVkIGFuZCB3aWxsIGJlIGFjdGl2ZSB1bnRpbCAyMDE3LTEyLTA4lIWUfZRoC3SUUpSMD2FuZ2lhQGFuZ2lhLmNvbZRdlIwOaW5mb0BhbmdpYS50b3CUYXSULg==	gASVAwAAAAAAAAB9lC4=	gASVAwAAAAAAAABLAS4=	2017-11-03 11:52:30.426538+00	2017-11-03 11:52:35.262797+00	t	\N
34a8a64fcd8d48d5920b4c9dbcf9186f	lake-texas-fix-delta	django.core.mail.send_mail	\N	gASVEwEAAAAAAAAojBdkamFuZ28udXRpbHMuZnVuY3Rpb25hbJSMFF9sYXp5X3Byb3h5X3VucGlja2xllJOUKIwYZGphbmdvLnV0aWxzLnRyYW5zbGF0aW9ulIwIdWdldHRleHSUk5SMEVV0aWxpdHkgY29uZmlybWVklIWUfZSMCGJ1aWx0aW5zlIwDc3RylJOUdJRSlGgCKGgFjExZb3VyIHV0aWxpdHkgIkZBIENhZmUiIGhhcyBiZWVuIGFwcHJvdmVkIGFuZCB3aWxsIGJlIGFjdGl2ZSB1bnRpbCAyMDE4LTExLTA0lIWUfZRoC3SUUpSMD2FuZ2lhQGFuZ2lhLmNvbZRdlIwOaW5mb0BhbmdpYS50b3CUYXSULg==	gASVAwAAAAAAAAB9lC4=	gASVAwAAAAAAAABLAS4=	2017-11-04 10:29:56.485557+00	2017-11-04 10:29:59.36256+00	t	\N
cdd40b1bd33d434091defe5b1797ce7b	arkansas-victor-vegan-double	django.core.mail.send_mail	\N	gASVEQEAAAAAAAAojBdkamFuZ28udXRpbHMuZnVuY3Rpb25hbJSMFF9sYXp5X3Byb3h5X3VucGlja2xllJOUKIwYZGphbmdvLnV0aWxzLnRyYW5zbGF0aW9ulIwIdWdldHRleHSUk5SMEVV0aWxpdHkgY29uZmlybWVklIWUfZSMCGJ1aWx0aW5zlIwDc3RylJOUdJRSlGgCKGgFjEpZb3VyIHV0aWxpdHkgImNhZmUxIiBoYXMgYmVlbiBhcHByb3ZlZCBhbmQgd2lsbCBiZSBhY3RpdmUgdW50aWwgMjAxOC0xMS0wM5SFlH2UaAt0lFKUjA9hbmdpYUBhbmdpYS5jb22UXZSMDmluZm9AYW5naWEudG9wlGF0lC4=	gASVAwAAAAAAAAB9lC4=	gASVAwAAAAAAAABLAS4=	2017-11-04 10:58:53.134964+00	2017-11-04 10:58:55.693229+00	t	\N
e789cbaf6d4a43b6be425a8c424f1be4	artist-spring-colorado-west	django.core.mail.send_mail	\N	gASVHQEAAAAAAAAojBdkamFuZ28udXRpbHMuZnVuY3Rpb25hbJSMFF9sYXp5X3Byb3h5X3VucGlja2xllJOUKIwYZGphbmdvLnV0aWxzLnRyYW5zbGF0aW9ulIwIdWdldHRleHSUk5SMEVV0aWxpdHkgY29uZmlybWVklIWUfZSMCGJ1aWx0aW5zlIwDc3RylJOUdJRSlGgCKGgFjFZZb3VyIHV0aWxpdHkgIkNBRkUgUVXDgk4gxJDhu5hJIiBoYXMgYmVlbiBhcHByb3ZlZCBhbmQgd2lsbCBiZSBhY3RpdmUgdW50aWwgMjAxOC0xMS0wM5SFlH2UaAt0lFKUjA9hbmdpYUBhbmdpYS5jb22UXZSMDmluZm9AYW5naWEudG9wlGF0lC4=	gASVAwAAAAAAAAB9lC4=	gASVAwAAAAAAAABLAS4=	2017-11-04 10:59:17.349859+00	2017-11-04 10:59:19.606488+00	t	\N
d29de5008e894ec0a170475eab85ee24	oxygen-michigan-six-two	django.core.mail.send_mail	\N	gASVHQEAAAAAAAAojBdkamFuZ28udXRpbHMuZnVuY3Rpb25hbJSMFF9sYXp5X3Byb3h5X3VucGlja2xllJOUKIwYZGphbmdvLnV0aWxzLnRyYW5zbGF0aW9ulIwIdWdldHRleHSUk5SMEVV0aWxpdHkgY29uZmlybWVklIWUfZSMCGJ1aWx0aW5zlIwDc3RylJOUdJRSlGgCKGgFjFZZb3VyIHV0aWxpdHkgIkNBRkUgUVXDgk4gxJDhu5hJIiBoYXMgYmVlbiBhcHByb3ZlZCBhbmQgd2lsbCBiZSBhY3RpdmUgdW50aWwgMjAxOC0xMS0wM5SFlH2UaAt0lFKUjA9hbmdpYUBhbmdpYS5jb22UXZSMDmluZm9AYW5naWEudG9wlGF0lC4=	gASVAwAAAAAAAAB9lC4=	gASVAwAAAAAAAABLAS4=	2017-11-04 10:59:17.546432+00	2017-11-04 10:59:21.837121+00	t	\N
8f5a96d71a2b4a399787cd53c37c630c	mountain-fanta-missouri-spaghetti	django.core.mail.send_mail	\N	gASVEAEAAAAAAAAojBdkamFuZ28udXRpbHMuZnVuY3Rpb25hbJSMFF9sYXp5X3Byb3h5X3VucGlja2xllJOUKIwYZGphbmdvLnV0aWxzLnRyYW5zbGF0aW9ulIwIdWdldHRleHSUk5SMEVV0aWxpdHkgY29uZmlybWVklIWUfZSMCGJ1aWx0aW5zlIwDc3RylJOUdJRSlGgCKGgFjFdZb3VyIHV0aWxpdHkgIlThuqFwIGhvw6EgVGh1IEhvYSIgaGFzIGJlZW4gYXBwcm92ZWQgYW5kIHdpbGwgYmUgYWN0aXZlIHVudGlsIDIwMTctMTEtMTGUhZR9lGgLdJRSlIwPYW5naWFAYW5naWEuY29tlF2UjACUYXSULg==	gASVAwAAAAAAAAB9lC4=	gASVAwAAAAAAAABLAC4=	2017-11-06 15:50:24.831322+00	2017-11-06 15:50:24.835538+00	t	\N
72bec2942b2c4a2d8c8fb36792b99d54	nevada-hydrogen-sweet-twelve	django.core.mail.send_mail	\N	gASVEwEAAAAAAAAojBdkamFuZ28udXRpbHMuZnVuY3Rpb25hbJSMFF9sYXp5X3Byb3h5X3VucGlja2xllJOUKIwYZGphbmdvLnV0aWxzLnRyYW5zbGF0aW9ulIwIdWdldHRleHSUk5SMEVV0aWxpdHkgY29uZmlybWVklIWUfZSMCGJ1aWx0aW5zlIwDc3RylJOUdJRSlGgCKGgFjExZb3VyIHV0aWxpdHkgIkZBIENhZmUiIGhhcyBiZWVuIGFwcHJvdmVkIGFuZCB3aWxsIGJlIGFjdGl2ZSB1bnRpbCAyMDE4LTExLTA0lIWUfZRoC3SUUpSMD2FuZ2lhQGFuZ2lhLmNvbZRdlIwOaW5mb0BhbmdpYS50b3CUYXSULg==	gASVAwAAAAAAAAB9lC4=	gASVAwAAAAAAAABLAS4=	2017-11-06 16:40:56.489203+00	2017-11-06 16:41:00.056105+00	t	\N
5edb667bb5004c9e940ef1947d73f413	neptune-island-zulu-utah	django.core.mail.send_mail	\N	gASVHgEAAAAAAAAojBdkamFuZ28udXRpbHMuZnVuY3Rpb25hbJSMFF9sYXp5X3Byb3h5X3VucGlja2xllJOUKIwYZGphbmdvLnV0aWxzLnRyYW5zbGF0aW9ulIwIdWdldHRleHSUk5SMEVV0aWxpdHkgY29uZmlybWVklIWUfZSMCGJ1aWx0aW5zlIwDc3RylJOUdJRSlGgCKGgFjFdZb3VyIHV0aWxpdHkgIkJBUkJFUiBC4bqiTyBC4bqiTyIgaGFzIGJlZW4gYXBwcm92ZWQgYW5kIHdpbGwgYmUgYWN0aXZlIHVudGlsIDIwMTgtMTEtMDiUhZR9lGgLdJRSlIwPYW5naWFAYW5naWEuY29tlF2UjA5pbmZvQGFuZ2lhLnRvcJRhdJQu	gASVAwAAAAAAAAB9lC4=	gASVAwAAAAAAAABLAS4=	2017-11-07 03:24:04.527487+00	2017-11-07 03:24:07.493751+00	t	\N
db86180c323342a396031e26bcd1c633	floor-timing-pasta-neptune	django.core.mail.send_mail	\N	gASVEAEAAAAAAAAojBdkamFuZ28udXRpbHMuZnVuY3Rpb25hbJSMFF9sYXp5X3Byb3h5X3VucGlja2xllJOUKIwYZGphbmdvLnV0aWxzLnRyYW5zbGF0aW9ulIwIdWdldHRleHSUk5SMEVV0aWxpdHkgY29uZmlybWVklIWUfZSMCGJ1aWx0aW5zlIwDc3RylJOUdJRSlGgCKGgFjElZb3VyIGFjY291bnQgaGFzIHVzZWQgMzY2IHBvaW50KHMpIHRvIGFjdGl2ZSB1dGlsaXR5ICJCQVJCRVIgQuG6ok8gQuG6ok8ilIWUfZRoC3SUUpSMD2FuZ2lhQGFuZ2lhLmNvbZRdlIwOaW5mb0BhbmdpYS50b3CUYXSULg==	gASVAwAAAAAAAAB9lC4=	gASVAwAAAAAAAABLAS4=	2017-11-07 03:24:04.532181+00	2017-11-07 03:24:09.754067+00	t	\N
3406820a549b46488c9ebd214053fba6	robert-september-missouri-foxtrot	django.core.mail.send_mail	\N	gASVHgEAAAAAAAAojBdkamFuZ28udXRpbHMuZnVuY3Rpb25hbJSMFF9sYXp5X3Byb3h5X3VucGlja2xllJOUKIwYZGphbmdvLnV0aWxzLnRyYW5zbGF0aW9ulIwIdWdldHRleHSUk5SMEVV0aWxpdHkgY29uZmlybWVklIWUfZSMCGJ1aWx0aW5zlIwDc3RylJOUdJRSlGgCKGgFjFdZb3VyIHV0aWxpdHkgIkJBUkJFUiBC4bqiTyBC4bqiTyIgaGFzIGJlZW4gYXBwcm92ZWQgYW5kIHdpbGwgYmUgYWN0aXZlIHVudGlsIDIwMTgtMTEtMDiUhZR9lGgLdJRSlIwPYW5naWFAYW5naWEuY29tlF2UjA5pbmZvQGFuZ2lhLnRvcJRhdJQu	gASVAwAAAAAAAAB9lC4=	gASVAwAAAAAAAABLAS4=	2017-11-07 03:24:51.196262+00	2017-11-07 03:24:53.569767+00	t	\N
9ca5f3a5c67542e6bba3c5b9d63db78d	kansas-blossom-indigo-speaker	django.core.mail.send_mail	\N	gASVEAEAAAAAAAAojBdkamFuZ28udXRpbHMuZnVuY3Rpb25hbJSMFF9sYXp5X3Byb3h5X3VucGlja2xllJOUKIwYZGphbmdvLnV0aWxzLnRyYW5zbGF0aW9ulIwIdWdldHRleHSUk5SMEVV0aWxpdHkgY29uZmlybWVklIWUfZSMCGJ1aWx0aW5zlIwDc3RylJOUdJRSlGgCKGgFjElZb3VyIGFjY291bnQgaGFzIHVzZWQgMzY2IHBvaW50KHMpIHRvIGFjdGl2ZSB1dGlsaXR5ICJCQVJCRVIgQuG6ok8gQuG6ok8ilIWUfZRoC3SUUpSMD2FuZ2lhQGFuZ2lhLmNvbZRdlIwOaW5mb0BhbmdpYS50b3CUYXSULg==	gASVAwAAAAAAAAB9lC4=	gASVAwAAAAAAAABLAS4=	2017-11-07 03:24:51.20008+00	2017-11-07 03:24:55.798384+00	t	\N
196f98c2bd5d4cf39c975edae885f812	connecticut-hotel-mobile-may	django.core.mail.send_mail	\N	gASVFQEAAAAAAAAojBdkamFuZ28udXRpbHMuZnVuY3Rpb25hbJSMFF9sYXp5X3Byb3h5X3VucGlja2xllJOUKIwYZGphbmdvLnV0aWxzLnRyYW5zbGF0aW9ulIwIdWdldHRleHSUk5SMEVV0aWxpdHkgY29uZmlybWVklIWUfZSMCGJ1aWx0aW5zlIwDc3RylJOUdJRSlGgCKGgFjE5Zb3VyIHV0aWxpdHkgIkpFQU4gU0hPUCIgaGFzIGJlZW4gYXBwcm92ZWQgYW5kIHdpbGwgYmUgYWN0aXZlIHVudGlsIDIwMTgtMTEtMDiUhZR9lGgLdJRSlIwPYW5naWFAYW5naWEuY29tlF2UjA5pbmZvQGFuZ2lhLnRvcJRhdJQu	gASVAwAAAAAAAAB9lC4=	gASVAwAAAAAAAABLAS4=	2017-11-07 03:25:11.703546+00	2017-11-07 03:25:13.998827+00	t	\N
8a36371ca2774fc88052ad1ddd67b33b	nebraska-gee-illinois-delta	django.core.mail.send_mail	\N	gASVBwEAAAAAAAAojBdkamFuZ28udXRpbHMuZnVuY3Rpb25hbJSMFF9sYXp5X3Byb3h5X3VucGlja2xllJOUKIwYZGphbmdvLnV0aWxzLnRyYW5zbGF0aW9ulIwIdWdldHRleHSUk5SMEVV0aWxpdHkgY29uZmlybWVklIWUfZSMCGJ1aWx0aW5zlIwDc3RylJOUdJRSlGgCKGgFjEBZb3VyIGFjY291bnQgaGFzIHVzZWQgMzY2IHBvaW50KHMpIHRvIGFjdGl2ZSB1dGlsaXR5ICJKRUFOIFNIT1AilIWUfZRoC3SUUpSMD2FuZ2lhQGFuZ2lhLmNvbZRdlIwOaW5mb0BhbmdpYS50b3CUYXSULg==	gASVAwAAAAAAAAB9lC4=	gASVAwAAAAAAAABLAS4=	2017-11-07 03:25:11.707232+00	2017-11-07 03:25:16.245458+00	t	\N
1e1867aa5a1340feabb71f4a181ebbd6	snake-winter-floor-johnny	django.core.mail.send_mail	\N	gASVFQEAAAAAAAAojBdkamFuZ28udXRpbHMuZnVuY3Rpb25hbJSMFF9sYXp5X3Byb3h5X3VucGlja2xllJOUKIwYZGphbmdvLnV0aWxzLnRyYW5zbGF0aW9ulIwIdWdldHRleHSUk5SMEVV0aWxpdHkgY29uZmlybWVklIWUfZSMCGJ1aWx0aW5zlIwDc3RylJOUdJRSlGgCKGgFjE5Zb3VyIHV0aWxpdHkgIkpFQU4gU0hPUCIgaGFzIGJlZW4gYXBwcm92ZWQgYW5kIHdpbGwgYmUgYWN0aXZlIHVudGlsIDIwMTgtMTEtMDiUhZR9lGgLdJRSlIwPYW5naWFAYW5naWEuY29tlF2UjA5pbmZvQGFuZ2lhLnRvcJRhdJQu	gASVAwAAAAAAAAB9lC4=	gASVAwAAAAAAAABLAS4=	2017-11-07 03:25:14.877738+00	2017-11-07 03:25:18.437574+00	t	\N
7b342e5f792c49ef9817b9eca0b5d5f1	emma-whiskey-ten-delaware	django.core.mail.send_mail	\N	gASVBwEAAAAAAAAojBdkamFuZ28udXRpbHMuZnVuY3Rpb25hbJSMFF9sYXp5X3Byb3h5X3VucGlja2xllJOUKIwYZGphbmdvLnV0aWxzLnRyYW5zbGF0aW9ulIwIdWdldHRleHSUk5SMEVV0aWxpdHkgY29uZmlybWVklIWUfZSMCGJ1aWx0aW5zlIwDc3RylJOUdJRSlGgCKGgFjEBZb3VyIGFjY291bnQgaGFzIHVzZWQgMzY2IHBvaW50KHMpIHRvIGFjdGl2ZSB1dGlsaXR5ICJKRUFOIFNIT1AilIWUfZRoC3SUUpSMD2FuZ2lhQGFuZ2lhLmNvbZRdlIwOaW5mb0BhbmdpYS50b3CUYXSULg==	gASVAwAAAAAAAAB9lC4=	gASVAwAAAAAAAABLAS4=	2017-11-07 03:25:14.880326+00	2017-11-07 03:25:20.635381+00	t	\N
b5958185246048749f028620120363b0	ceiling-leopard-eight-seven	django.core.mail.send_mail	\N	gASVHgEAAAAAAAAojBdkamFuZ28udXRpbHMuZnVuY3Rpb25hbJSMFF9sYXp5X3Byb3h5X3VucGlja2xllJOUKIwYZGphbmdvLnV0aWxzLnRyYW5zbGF0aW9ulIwIdWdldHRleHSUk5SMEVV0aWxpdHkgY29uZmlybWVklIWUfZSMCGJ1aWx0aW5zlIwDc3RylJOUdJRSlGgCKGgFjFdZb3VyIHV0aWxpdHkgIkJBUkJFUiBC4bqiTyBC4bqiTyIgaGFzIGJlZW4gYXBwcm92ZWQgYW5kIHdpbGwgYmUgYWN0aXZlIHVudGlsIDIwMTgtMTEtMDiUhZR9lGgLdJRSlIwPYW5naWFAYW5naWEuY29tlF2UjA5pbmZvQGFuZ2lhLnRvcJRhdJQu	gASVAwAAAAAAAAB9lC4=	gASVAwAAAAAAAABLAS4=	2017-11-07 03:35:55.501314+00	2017-11-07 03:35:57.996482+00	t	\N
74aaceeee5a847868ae8efc4c41b45f1	zebra-mirror-floor-johnny	django.core.mail.send_mail	\N	gASVEAEAAAAAAAAojBdkamFuZ28udXRpbHMuZnVuY3Rpb25hbJSMFF9sYXp5X3Byb3h5X3VucGlja2xllJOUKIwYZGphbmdvLnV0aWxzLnRyYW5zbGF0aW9ulIwIdWdldHRleHSUk5SMEVV0aWxpdHkgY29uZmlybWVklIWUfZSMCGJ1aWx0aW5zlIwDc3RylJOUdJRSlGgCKGgFjElZb3VyIGFjY291bnQgaGFzIHVzZWQgMzY2IHBvaW50KHMpIHRvIGFjdGl2ZSB1dGlsaXR5ICJCQVJCRVIgQuG6ok8gQuG6ok8ilIWUfZRoC3SUUpSMD2FuZ2lhQGFuZ2lhLmNvbZRdlIwOaW5mb0BhbmdpYS50b3CUYXSULg==	gASVAwAAAAAAAAB9lC4=	gASVAwAAAAAAAABLAS4=	2017-11-07 03:35:55.505117+00	2017-11-07 03:36:00.292533+00	t	\N
99487de5f70c4ad3bcc9f336dd6291d8	floor-illinois-pizza-winner	django.core.mail.send_mail	\N	gASVEAEAAAAAAAAojBdkamFuZ28udXRpbHMuZnVuY3Rpb25hbJSMFF9sYXp5X3Byb3h5X3VucGlja2xllJOUKIwYZGphbmdvLnV0aWxzLnRyYW5zbGF0aW9ulIwIdWdldHRleHSUk5SMEVV0aWxpdHkgY29uZmlybWVklIWUfZSMCGJ1aWx0aW5zlIwDc3RylJOUdJRSlGgCKGgFjElZb3VyIHV0aWxpdHkgImNhZmUiIGhhcyBiZWVuIGFwcHJvdmVkIGFuZCB3aWxsIGJlIGFjdGl2ZSB1bnRpbCAyMDE4LTExLTA4lIWUfZRoC3SUUpSMD2FuZ2lhQGFuZ2lhLmNvbZRdlIwOaW5mb0BhbmdpYS50b3CUYXSULg==	gASVAwAAAAAAAAB9lC4=	gASVAwAAAAAAAABLAS4=	2017-11-07 11:51:29.366757+00	2017-11-07 11:51:32.214518+00	t	\N
590d471df94746f79a6e2a5dd707952e	autumn-avocado-march-johnny	django.core.mail.send_mail	\N	gASVAgEAAAAAAAAojBdkamFuZ28udXRpbHMuZnVuY3Rpb25hbJSMFF9sYXp5X3Byb3h5X3VucGlja2xllJOUKIwYZGphbmdvLnV0aWxzLnRyYW5zbGF0aW9ulIwIdWdldHRleHSUk5SMEVV0aWxpdHkgY29uZmlybWVklIWUfZSMCGJ1aWx0aW5zlIwDc3RylJOUdJRSlGgCKGgFjDtZb3VyIGFjY291bnQgaGFzIHVzZWQgMzY2IHBvaW50KHMpIHRvIGFjdGl2ZSB1dGlsaXR5ICJjYWZlIpSFlH2UaAt0lFKUjA9hbmdpYUBhbmdpYS5jb22UXZSMDmluZm9AYW5naWEudG9wlGF0lC4=	gASVAwAAAAAAAAB9lC4=	gASVAwAAAAAAAABLAS4=	2017-11-07 11:51:29.370722+00	2017-11-07 11:51:34.419269+00	t	\N
b51564f09c664012a1abb2fac105afd3	don-oscar-fanta-red	django.core.mail.send_mail	\N	gASVHgEAAAAAAAAojBdkamFuZ28udXRpbHMuZnVuY3Rpb25hbJSMFF9sYXp5X3Byb3h5X3VucGlja2xllJOUKIwYZGphbmdvLnV0aWxzLnRyYW5zbGF0aW9ulIwIdWdldHRleHSUk5SMEVV0aWxpdHkgY29uZmlybWVklIWUfZSMCGJ1aWx0aW5zlIwDc3RylJOUdJRSlGgCKGgFjFdZb3VyIHV0aWxpdHkgIkJBUkJFUiBC4bqiTyBC4bqiTyIgaGFzIGJlZW4gYXBwcm92ZWQgYW5kIHdpbGwgYmUgYWN0aXZlIHVudGlsIDIwMTgtMTEtMDiUhZR9lGgLdJRSlIwPYW5naWFAYW5naWEuY29tlF2UjA5pbmZvQGFuZ2lhLnRvcJRhdJQu	gASVAwAAAAAAAAB9lC4=	gASVAwAAAAAAAABLAS4=	2017-11-07 11:57:57.694777+00	2017-11-07 11:58:00.049346+00	t	\N
132c7b700929491f8b960870bb055668	don-lamp-ink-magnesium	django.core.mail.send_mail	\N	gASVEAEAAAAAAAAojBdkamFuZ28udXRpbHMuZnVuY3Rpb25hbJSMFF9sYXp5X3Byb3h5X3VucGlja2xllJOUKIwYZGphbmdvLnV0aWxzLnRyYW5zbGF0aW9ulIwIdWdldHRleHSUk5SMEVV0aWxpdHkgY29uZmlybWVklIWUfZSMCGJ1aWx0aW5zlIwDc3RylJOUdJRSlGgCKGgFjElZb3VyIGFjY291bnQgaGFzIHVzZWQgMzY2IHBvaW50KHMpIHRvIGFjdGl2ZSB1dGlsaXR5ICJCQVJCRVIgQuG6ok8gQuG6ok8ilIWUfZRoC3SUUpSMD2FuZ2lhQGFuZ2lhLmNvbZRdlIwOaW5mb0BhbmdpYS50b3CUYXSULg==	gASVAwAAAAAAAAB9lC4=	gASVAwAAAAAAAABLAS4=	2017-11-07 11:57:57.699419+00	2017-11-07 11:58:02.298445+00	t	\N
9ce7586577fb420c8fd5cdc0a6ded28c	fish-seven-grey-chicken	django.core.mail.send_mail	\N	gASVHgEAAAAAAAAojBdkamFuZ28udXRpbHMuZnVuY3Rpb25hbJSMFF9sYXp5X3Byb3h5X3VucGlja2xllJOUKIwYZGphbmdvLnV0aWxzLnRyYW5zbGF0aW9ulIwIdWdldHRleHSUk5SMEVV0aWxpdHkgY29uZmlybWVklIWUfZSMCGJ1aWx0aW5zlIwDc3RylJOUdJRSlGgCKGgFjFdZb3VyIHV0aWxpdHkgIkJBUkJFUiBC4bqiTyBC4bqiTyIgaGFzIGJlZW4gYXBwcm92ZWQgYW5kIHdpbGwgYmUgYWN0aXZlIHVudGlsIDIwMTgtMTEtMDiUhZR9lGgLdJRSlIwPYW5naWFAYW5naWEuY29tlF2UjA5pbmZvQGFuZ2lhLnRvcJRhdJQu	gASVAwAAAAAAAAB9lC4=	gASVAwAAAAAAAABLAS4=	2017-11-07 11:57:57.935207+00	2017-11-07 11:58:04.534537+00	t	\N
aecdedfd91be4f4b9fb80df0249b3489	kitten-comet-ten-alanine	django.core.mail.send_mail	\N	gASVEAEAAAAAAAAojBdkamFuZ28udXRpbHMuZnVuY3Rpb25hbJSMFF9sYXp5X3Byb3h5X3VucGlja2xllJOUKIwYZGphbmdvLnV0aWxzLnRyYW5zbGF0aW9ulIwIdWdldHRleHSUk5SMEVV0aWxpdHkgY29uZmlybWVklIWUfZSMCGJ1aWx0aW5zlIwDc3RylJOUdJRSlGgCKGgFjElZb3VyIGFjY291bnQgaGFzIHVzZWQgMzY2IHBvaW50KHMpIHRvIGFjdGl2ZSB1dGlsaXR5ICJCQVJCRVIgQuG6ok8gQuG6ok8ilIWUfZRoC3SUUpSMD2FuZ2lhQGFuZ2lhLmNvbZRdlIwOaW5mb0BhbmdpYS50b3CUYXSULg==	gASVAwAAAAAAAAB9lC4=	gASVAwAAAAAAAABLAS4=	2017-11-07 11:57:57.93755+00	2017-11-07 11:58:06.805305+00	t	\N
eafbcafc60924f209b42eca6a329c271	coffee-nitrogen-moon-echo	django.core.mail.send_mail	\N	gASVHgEAAAAAAAAojBdkamFuZ28udXRpbHMuZnVuY3Rpb25hbJSMFF9sYXp5X3Byb3h5X3VucGlja2xllJOUKIwYZGphbmdvLnV0aWxzLnRyYW5zbGF0aW9ulIwIdWdldHRleHSUk5SMEVV0aWxpdHkgY29uZmlybWVklIWUfZSMCGJ1aWx0aW5zlIwDc3RylJOUdJRSlGgCKGgFjFdZb3VyIHV0aWxpdHkgIkJBUkJFUiBC4bqiTyBC4bqiTyIgaGFzIGJlZW4gYXBwcm92ZWQgYW5kIHdpbGwgYmUgYWN0aXZlIHVudGlsIDIwMTgtMTEtMDiUhZR9lGgLdJRSlIwPYW5naWFAYW5naWEuY29tlF2UjA5pbmZvQGFuZ2lhLnRvcJRhdJQu	gASVAwAAAAAAAAB9lC4=	gASVAwAAAAAAAABLAS4=	2017-11-07 11:59:16.425845+00	2017-11-07 11:59:18.700452+00	t	\N
fa91c765fc17462ca364b891b1663f11	sixteen-maine-video-wolfram	django.core.mail.send_mail	\N	gASVEAEAAAAAAAAojBdkamFuZ28udXRpbHMuZnVuY3Rpb25hbJSMFF9sYXp5X3Byb3h5X3VucGlja2xllJOUKIwYZGphbmdvLnV0aWxzLnRyYW5zbGF0aW9ulIwIdWdldHRleHSUk5SMEVV0aWxpdHkgY29uZmlybWVklIWUfZSMCGJ1aWx0aW5zlIwDc3RylJOUdJRSlGgCKGgFjElZb3VyIGFjY291bnQgaGFzIHVzZWQgMzY2IHBvaW50KHMpIHRvIGFjdGl2ZSB1dGlsaXR5ICJCQVJCRVIgQuG6ok8gQuG6ok8ilIWUfZRoC3SUUpSMD2FuZ2lhQGFuZ2lhLmNvbZRdlIwOaW5mb0BhbmdpYS50b3CUYXSULg==	gASVAwAAAAAAAAB9lC4=	gASVAwAAAAAAAABLAS4=	2017-11-07 11:59:16.4294+00	2017-11-07 11:59:20.973191+00	t	\N
27d580ebbfe74866a7bdf6973bb4b7ec	network-lamp-lithium-steak	django.core.mail.send_mail	\N	gASVFQEAAAAAAAAojBdkamFuZ28udXRpbHMuZnVuY3Rpb25hbJSMFF9sYXp5X3Byb3h5X3VucGlja2xllJOUKIwYZGphbmdvLnV0aWxzLnRyYW5zbGF0aW9ulIwIdWdldHRleHSUk5SMEVV0aWxpdHkgY29uZmlybWVklIWUfZSMCGJ1aWx0aW5zlIwDc3RylJOUdJRSlGgCKGgFjE5Zb3VyIHV0aWxpdHkgIkpFQU4gU0hPUCIgaGFzIGJlZW4gYXBwcm92ZWQgYW5kIHdpbGwgYmUgYWN0aXZlIHVudGlsIDIwMTgtMTEtMDiUhZR9lGgLdJRSlIwPYW5naWFAYW5naWEuY29tlF2UjA5pbmZvQGFuZ2lhLnRvcJRhdJQu	gASVAwAAAAAAAAB9lC4=	gASVAwAAAAAAAABLAS4=	2017-11-07 12:00:52.78293+00	2017-11-07 12:00:54.965005+00	t	\N
423af4f0ef7c413486975fab2fe35164	london-undress-uncle-wolfram	django.core.mail.send_mail	\N	gASVBwEAAAAAAAAojBdkamFuZ28udXRpbHMuZnVuY3Rpb25hbJSMFF9sYXp5X3Byb3h5X3VucGlja2xllJOUKIwYZGphbmdvLnV0aWxzLnRyYW5zbGF0aW9ulIwIdWdldHRleHSUk5SMEVV0aWxpdHkgY29uZmlybWVklIWUfZSMCGJ1aWx0aW5zlIwDc3RylJOUdJRSlGgCKGgFjEBZb3VyIGFjY291bnQgaGFzIHVzZWQgMzY2IHBvaW50KHMpIHRvIGFjdGl2ZSB1dGlsaXR5ICJKRUFOIFNIT1AilIWUfZRoC3SUUpSMD2FuZ2lhQGFuZ2lhLmNvbZRdlIwOaW5mb0BhbmdpYS50b3CUYXSULg==	gASVAwAAAAAAAAB9lC4=	gASVAwAAAAAAAABLAS4=	2017-11-07 12:00:52.787073+00	2017-11-07 12:00:57.295197+00	t	\N
e1ccd84970ea4b5bafed982911e5a613	romeo-mike-whiskey-failed	django.core.mail.send_mail	\N	gASVIwEAAAAAAAAojBdkamFuZ28udXRpbHMuZnVuY3Rpb25hbJSMFF9sYXp5X3Byb3h5X3VucGlja2xllJOUKIwYZGphbmdvLnV0aWxzLnRyYW5zbGF0aW9ulIwIdWdldHRleHSUk5SMEVV0aWxpdHkgY29uZmlybWVklIWUfZSMCGJ1aWx0aW5zlIwDc3RylJOUdJRSlGgCKGgFjFxZb3VyIHV0aWxpdHkgIkjhuqJJIFPhuqJOIEdJQU5HIEdI4bq4IiBoYXMgYmVlbiBhcHByb3ZlZCBhbmQgd2lsbCBiZSBhY3RpdmUgdW50aWwgMjAxOC0xMS0wOJSFlH2UaAt0lFKUjA9hbmdpYUBhbmdpYS5jb22UXZSMDmluZm9AYW5naWEudG9wlGF0lC4=	gASVAwAAAAAAAAB9lC4=	gASVAwAAAAAAAABLAS4=	2017-11-07 12:14:34.207168+00	2017-11-07 12:14:36.414742+00	t	\N
7e93092916614f5186e014dd355b3fcf	sodium-jersey-pip-north	django.core.mail.send_mail	\N	gASVFQEAAAAAAAAojBdkamFuZ28udXRpbHMuZnVuY3Rpb25hbJSMFF9sYXp5X3Byb3h5X3VucGlja2xllJOUKIwYZGphbmdvLnV0aWxzLnRyYW5zbGF0aW9ulIwIdWdldHRleHSUk5SMEVV0aWxpdHkgY29uZmlybWVklIWUfZSMCGJ1aWx0aW5zlIwDc3RylJOUdJRSlGgCKGgFjE5Zb3VyIGFjY291bnQgaGFzIHVzZWQgMzY2IHBvaW50KHMpIHRvIGFjdGl2ZSB1dGlsaXR5ICJI4bqiSSBT4bqiTiBHSUFORyBHSOG6uCKUhZR9lGgLdJRSlIwPYW5naWFAYW5naWEuY29tlF2UjA5pbmZvQGFuZ2lhLnRvcJRhdJQu	gASVAwAAAAAAAAB9lC4=	gASVAwAAAAAAAABLAS4=	2017-11-07 12:14:34.210924+00	2017-11-07 12:14:38.631964+00	t	\N
b3b29bdd681b46a19562c49d63612bcc	five-mountain-pennsylvania-uncle	django.core.mail.send_mail	\N	gASVFQEAAAAAAAAojBdkamFuZ28udXRpbHMuZnVuY3Rpb25hbJSMFF9sYXp5X3Byb3h5X3VucGlja2xllJOUKIwYZGphbmdvLnV0aWxzLnRyYW5zbGF0aW9ulIwIdWdldHRleHSUk5SMEVV0aWxpdHkgY29uZmlybWVklIWUfZSMCGJ1aWx0aW5zlIwDc3RylJOUdJRSlGgCKGgFjE5Zb3VyIHV0aWxpdHkgIkpFQU4gU0hPUCIgaGFzIGJlZW4gYXBwcm92ZWQgYW5kIHdpbGwgYmUgYWN0aXZlIHVudGlsIDIwMTgtMTEtMDiUhZR9lGgLdJRSlIwPYW5naWFAYW5naWEuY29tlF2UjA5pbmZvQGFuZ2lhLnRvcJRhdJQu	gASVAwAAAAAAAAB9lC4=	gASVAwAAAAAAAABLAS4=	2017-11-07 12:15:52.935557+00	2017-11-07 12:15:55.172207+00	t	\N
499457202b0541049cadb602104a410c	oxygen-johnny-maryland-blossom	django.core.mail.send_mail	\N	gASVBwEAAAAAAAAojBdkamFuZ28udXRpbHMuZnVuY3Rpb25hbJSMFF9sYXp5X3Byb3h5X3VucGlja2xllJOUKIwYZGphbmdvLnV0aWxzLnRyYW5zbGF0aW9ulIwIdWdldHRleHSUk5SMEVV0aWxpdHkgY29uZmlybWVklIWUfZSMCGJ1aWx0aW5zlIwDc3RylJOUdJRSlGgCKGgFjEBZb3VyIGFjY291bnQgaGFzIHVzZWQgMzY2IHBvaW50KHMpIHRvIGFjdGl2ZSB1dGlsaXR5ICJKRUFOIFNIT1AilIWUfZRoC3SUUpSMD2FuZ2lhQGFuZ2lhLmNvbZRdlIwOaW5mb0BhbmdpYS50b3CUYXSULg==	gASVAwAAAAAAAAB9lC4=	gASVAwAAAAAAAABLAS4=	2017-11-07 12:15:52.942722+00	2017-11-07 12:15:57.361759+00	t	\N
b2f60a0e0e4447e99866d0110d1a368e	equal-two-enemy-pip	django.core.mail.send_mail	\N	gASVFQEAAAAAAAAojBdkamFuZ28udXRpbHMuZnVuY3Rpb25hbJSMFF9sYXp5X3Byb3h5X3VucGlja2xllJOUKIwYZGphbmdvLnV0aWxzLnRyYW5zbGF0aW9ulIwIdWdldHRleHSUk5SMEVV0aWxpdHkgY29uZmlybWVklIWUfZSMCGJ1aWx0aW5zlIwDc3RylJOUdJRSlGgCKGgFjE5Zb3VyIHV0aWxpdHkgIkpFQU4gU0hPUCIgaGFzIGJlZW4gYXBwcm92ZWQgYW5kIHdpbGwgYmUgYWN0aXZlIHVudGlsIDIwMTgtMTEtMDiUhZR9lGgLdJRSlIwPYW5naWFAYW5naWEuY29tlF2UjA5pbmZvQGFuZ2lhLnRvcJRhdJQu	gASVAwAAAAAAAAB9lC4=	gASVAwAAAAAAAABLAS4=	2017-11-07 12:15:53.057754+00	2017-11-07 12:15:59.578339+00	t	\N
75c2d93252594f6dba5e63be9a53d524	helium-cold-echo-east	django.core.mail.send_mail	\N	gASVBwEAAAAAAAAojBdkamFuZ28udXRpbHMuZnVuY3Rpb25hbJSMFF9sYXp5X3Byb3h5X3VucGlja2xllJOUKIwYZGphbmdvLnV0aWxzLnRyYW5zbGF0aW9ulIwIdWdldHRleHSUk5SMEVV0aWxpdHkgY29uZmlybWVklIWUfZSMCGJ1aWx0aW5zlIwDc3RylJOUdJRSlGgCKGgFjEBZb3VyIGFjY291bnQgaGFzIHVzZWQgMzY2IHBvaW50KHMpIHRvIGFjdGl2ZSB1dGlsaXR5ICJKRUFOIFNIT1AilIWUfZRoC3SUUpSMD2FuZ2lhQGFuZ2lhLmNvbZRdlIwOaW5mb0BhbmdpYS50b3CUYXSULg==	gASVAwAAAAAAAAB9lC4=	gASVAwAAAAAAAABLAS4=	2017-11-07 12:15:53.060215+00	2017-11-07 12:16:01.793297+00	t	\N
a8c632876b424322a993476a528527f5	tennessee-fix-blossom-angel	django.core.mail.send_mail	\N	gASVEwEAAAAAAAAojBdkamFuZ28udXRpbHMuZnVuY3Rpb25hbJSMFF9sYXp5X3Byb3h5X3VucGlja2xllJOUKIwYZGphbmdvLnV0aWxzLnRyYW5zbGF0aW9ulIwIdWdldHRleHSUk5SMEVV0aWxpdHkgY29uZmlybWVklIWUfZSMCGJ1aWx0aW5zlIwDc3RylJOUdJRSlGgCKGgFjExZb3VyIHV0aWxpdHkgIkZBIENhZmUiIGhhcyBiZWVuIGFwcHJvdmVkIGFuZCB3aWxsIGJlIGFjdGl2ZSB1bnRpbCAyMDE4LTExLTA0lIWUfZRoC3SUUpSMD2FuZ2lhQGFuZ2lhLmNvbZRdlIwOaW5mb0BhbmdpYS50b3CUYXSULg==	gASVAwAAAAAAAAB9lC4=	gASVAwAAAAAAAABLAS4=	2017-11-07 12:18:10.344274+00	2017-11-07 12:18:12.55842+00	t	\N
079bc0f37c8b4fc1a582639724579070	pip-lima-stairway-moon	django.core.mail.send_mail	\N	gASVFwEAAAAAAAAojBdkamFuZ28udXRpbHMuZnVuY3Rpb25hbJSMFF9sYXp5X3Byb3h5X3VucGlja2xllJOUKIwYZGphbmdvLnV0aWxzLnRyYW5zbGF0aW9ulIwIdWdldHRleHSUk5SMEVV0aWxpdHkgY29uZmlybWVklIWUfZSMCGJ1aWx0aW5zlIwDc3RylJOUdJRSlGgCKGgFjFBZb3VyIHV0aWxpdHkgIkNhZmUgVGjDum5nIiBoYXMgYmVlbiBhcHByb3ZlZCBhbmQgd2lsbCBiZSBhY3RpdmUgdW50aWwgMjAxOC0xMS0wOZSFlH2UaAt0lFKUjA9hbmdpYUBhbmdpYS5jb22UXZSMDmluZm9AYW5naWEudG9wlGF0lC4=	gASVAwAAAAAAAAB9lC4=	gASVAwAAAAAAAABLAS4=	2017-11-08 04:08:02.920956+00	2017-11-08 04:08:06.432647+00	t	\N
5172e42902ce41f2aac85f6ed5c49ef4	video-magazine-georgia-lithium	django.core.mail.send_mail	\N	gASVCQEAAAAAAAAojBdkamFuZ28udXRpbHMuZnVuY3Rpb25hbJSMFF9sYXp5X3Byb3h5X3VucGlja2xllJOUKIwYZGphbmdvLnV0aWxzLnRyYW5zbGF0aW9ulIwIdWdldHRleHSUk5SMEVV0aWxpdHkgY29uZmlybWVklIWUfZSMCGJ1aWx0aW5zlIwDc3RylJOUdJRSlGgCKGgFjEJZb3VyIGFjY291bnQgaGFzIHVzZWQgMzY2IHBvaW50KHMpIHRvIGFjdGl2ZSB1dGlsaXR5ICJDYWZlIFRow7puZyKUhZR9lGgLdJRSlIwPYW5naWFAYW5naWEuY29tlF2UjA5pbmZvQGFuZ2lhLnRvcJRhdJQu	gASVAwAAAAAAAAB9lC4=	gASVAwAAAAAAAABLAS4=	2017-11-08 04:08:02.924867+00	2017-11-08 04:08:08.744948+00	t	\N
2c6214f1960543cca82f9acfce06d8b3	papa-burger-spring-oklahoma	django.core.mail.send_mail	\N	gASVBQEAAAAAAAAojBdkamFuZ28udXRpbHMuZnVuY3Rpb25hbJSMFF9sYXp5X3Byb3h5X3VucGlja2xllJOUKIwYZGphbmdvLnV0aWxzLnRyYW5zbGF0aW9ulIwIdWdldHRleHSUk5SMEVV0aWxpdHkgY29uZmlybWVklIWUfZSMCGJ1aWx0aW5zlIwDc3RylJOUdJRSlGgCKGgFjExZb3VyIHV0aWxpdHkgIlRheGkgcXEiIGhhcyBiZWVuIGFwcHJvdmVkIGFuZCB3aWxsIGJlIGFjdGl2ZSB1bnRpbCAyMDE3LTExLTExlIWUfZRoC3SUUpSMD2FuZ2lhQGFuZ2lhLmNvbZRdlIwAlGF0lC4=	gASVAwAAAAAAAAB9lC4=	gASVAwAAAAAAAABLAC4=	2017-11-08 17:30:40.272831+00	2017-11-08 17:30:40.288562+00	t	\N
1d55836293a148719cc847a02b88afa7	oven-asparagus-princess-papa	django.core.mail.send_mail	\N	gASV9QAAAAAAAAAojBdkamFuZ28udXRpbHMuZnVuY3Rpb25hbJSMFF9sYXp5X3Byb3h5X3VucGlja2xllJOUKIwYZGphbmdvLnV0aWxzLnRyYW5zbGF0aW9ulIwIdWdldHRleHSUk5SMEVV0aWxpdHkgY29uZmlybWVklIWUfZSMCGJ1aWx0aW5zlIwDc3RylJOUdJRSlGgCKGgFjDxZb3VyIGFjY291bnQgaGFzIHVzZWQgMyBwb2ludChzKSB0byBhY3RpdmUgdXRpbGl0eSAiVGF4aSBxcSKUhZR9lGgLdJRSlIwPYW5naWFAYW5naWEuY29tlF2UjACUYXSULg==	gASVAwAAAAAAAAB9lC4=	gASVAwAAAAAAAABLAC4=	2017-11-08 17:30:40.277757+00	2017-11-08 17:30:40.290829+00	t	\N
ff72543ae8984d198687abd539fade31	twenty-ceiling-magazine-connecticut	django.core.mail.send_mail	\N	gASVGAEAAAAAAAAojBdkamFuZ28udXRpbHMuZnVuY3Rpb25hbJSMFF9sYXp5X3Byb3h5X3VucGlja2xllJOUKIwYZGphbmdvLnV0aWxzLnRyYW5zbGF0aW9ulIwIdWdldHRleHSUk5SMEVV0aWxpdHkgY29uZmlybWVklIWUfZSMCGJ1aWx0aW5zlIwDc3RylJOUdJRSlGgCKGgFjFFZb3VyIHV0aWxpdHkgIkNhZmUgQ2h1IDE1OSIgaGFzIGJlZW4gYXBwcm92ZWQgYW5kIHdpbGwgYmUgYWN0aXZlIHVudGlsIDIwMTgtMTEtMTCUhZR9lGgLdJRSlIwPYW5naWFAYW5naWEuY29tlF2UjA5pbmZvQGFuZ2lhLnRvcJRhdJQu	gASVAwAAAAAAAAB9lC4=	gASVAwAAAAAAAABLAS4=	2017-11-09 02:24:31.600213+00	2017-11-09 02:24:34.519666+00	t	\N
4b0857e589b54e5aaf82656583571eb5	washington-cola-crazy-magazine	django.core.mail.send_mail	\N	gASVCgEAAAAAAAAojBdkamFuZ28udXRpbHMuZnVuY3Rpb25hbJSMFF9sYXp5X3Byb3h5X3VucGlja2xllJOUKIwYZGphbmdvLnV0aWxzLnRyYW5zbGF0aW9ulIwIdWdldHRleHSUk5SMEVV0aWxpdHkgY29uZmlybWVklIWUfZSMCGJ1aWx0aW5zlIwDc3RylJOUdJRSlGgCKGgFjENZb3VyIGFjY291bnQgaGFzIHVzZWQgMzY2IHBvaW50KHMpIHRvIGFjdGl2ZSB1dGlsaXR5ICJDYWZlIENodSAxNTkilIWUfZRoC3SUUpSMD2FuZ2lhQGFuZ2lhLmNvbZRdlIwOaW5mb0BhbmdpYS50b3CUYXSULg==	gASVAwAAAAAAAAB9lC4=	gASVAwAAAAAAAABLAS4=	2017-11-09 02:24:31.604626+00	2017-11-09 02:24:36.769627+00	t	\N
59a02bd568dc47028badaac060de09a9	april-washington-four-california	django.core.mail.send_mail	\N	gASVJAEAAAAAAAAojBdkamFuZ28udXRpbHMuZnVuY3Rpb25hbJSMFF9sYXp5X3Byb3h5X3VucGlja2xllJOUKIwYZGphbmdvLnV0aWxzLnRyYW5zbGF0aW9ulIwIdWdldHRleHSUk5SMEVV0aWxpdHkgY29uZmlybWVklIWUfZSMCGJ1aWx0aW5zlIwDc3RylJOUdJRSlGgCKGgFjF1Zb3VyIHV0aWxpdHkgIlPhu6xBIFhFIEhBSSBCw4FOSCBI4bqiSSIgaGFzIGJlZW4gYXBwcm92ZWQgYW5kIHdpbGwgYmUgYWN0aXZlIHVudGlsIDIwMTgtMTEtMTCUhZR9lGgLdJRSlIwPYW5naWFAYW5naWEuY29tlF2UjA5pbmZvQGFuZ2lhLnRvcJRhdJQu	gASVAwAAAAAAAAB9lC4=	gASVAwAAAAAAAABLAS4=	2017-11-09 10:03:38.056586+00	2017-11-09 10:03:41.090735+00	t	\N
fc5a385750784511a6ed438f1a038310	sixteen-london-may-mike	django.core.mail.send_mail	\N	gASVFgEAAAAAAAAojBdkamFuZ28udXRpbHMuZnVuY3Rpb25hbJSMFF9sYXp5X3Byb3h5X3VucGlja2xllJOUKIwYZGphbmdvLnV0aWxzLnRyYW5zbGF0aW9ulIwIdWdldHRleHSUk5SMEVV0aWxpdHkgY29uZmlybWVklIWUfZSMCGJ1aWx0aW5zlIwDc3RylJOUdJRSlGgCKGgFjE9Zb3VyIGFjY291bnQgaGFzIHVzZWQgMzY2IHBvaW50KHMpIHRvIGFjdGl2ZSB1dGlsaXR5ICJT4busQSBYRSBIQUkgQsOBTkggSOG6okkilIWUfZRoC3SUUpSMD2FuZ2lhQGFuZ2lhLmNvbZRdlIwOaW5mb0BhbmdpYS50b3CUYXSULg==	gASVAwAAAAAAAAB9lC4=	gASVAwAAAAAAAABLAS4=	2017-11-09 10:03:38.062802+00	2017-11-09 10:03:43.377211+00	t	\N
93d9939ded9d440fb19c3d34e1b9e225	fillet-eight-ceiling-november	django.core.mail.send_mail	\N	gASVJAEAAAAAAAAojBdkamFuZ28udXRpbHMuZnVuY3Rpb25hbJSMFF9sYXp5X3Byb3h5X3VucGlja2xllJOUKIwYZGphbmdvLnV0aWxzLnRyYW5zbGF0aW9ulIwIdWdldHRleHSUk5SMEVV0aWxpdHkgY29uZmlybWVklIWUfZSMCGJ1aWx0aW5zlIwDc3RylJOUdJRSlGgCKGgFjF1Zb3VyIHV0aWxpdHkgIlPhu6xBIFhFIEhBSSBCw4FOSCBI4bqiSSIgaGFzIGJlZW4gYXBwcm92ZWQgYW5kIHdpbGwgYmUgYWN0aXZlIHVudGlsIDIwMTgtMTEtMTCUhZR9lGgLdJRSlIwPYW5naWFAYW5naWEuY29tlF2UjA5pbmZvQGFuZ2lhLnRvcJRhdJQu	gASVAwAAAAAAAAB9lC4=	gASVAwAAAAAAAABLAS4=	2017-11-09 10:03:38.143664+00	2017-11-09 10:03:45.650852+00	t	\N
8af49e822e134725aa167ec53f32b54b	illinois-hotel-april-whiskey	django.core.mail.send_mail	\N	gASVFgEAAAAAAAAojBdkamFuZ28udXRpbHMuZnVuY3Rpb25hbJSMFF9sYXp5X3Byb3h5X3VucGlja2xllJOUKIwYZGphbmdvLnV0aWxzLnRyYW5zbGF0aW9ulIwIdWdldHRleHSUk5SMEVV0aWxpdHkgY29uZmlybWVklIWUfZSMCGJ1aWx0aW5zlIwDc3RylJOUdJRSlGgCKGgFjE9Zb3VyIGFjY291bnQgaGFzIHVzZWQgMzY2IHBvaW50KHMpIHRvIGFjdGl2ZSB1dGlsaXR5ICJT4busQSBYRSBIQUkgQsOBTkggSOG6okkilIWUfZRoC3SUUpSMD2FuZ2lhQGFuZ2lhLmNvbZRdlIwOaW5mb0BhbmdpYS50b3CUYXSULg==	gASVAwAAAAAAAAB9lC4=	gASVAwAAAAAAAABLAS4=	2017-11-09 10:03:38.147585+00	2017-11-09 10:03:47.831267+00	t	\N
27a7f2e1400a4438af8119a897f28407	moon-early-november-undress	django.core.mail.send_mail	\N	gASVIgEAAAAAAAAojBdkamFuZ28udXRpbHMuZnVuY3Rpb25hbJSMFF9sYXp5X3Byb3h5X3VucGlja2xllJOUKIwYZGphbmdvLnV0aWxzLnRyYW5zbGF0aW9ulIwIdWdldHRleHSUk5SMEVV0aWxpdHkgY29uZmlybWVklIWUfZSMCGJ1aWx0aW5zlIwDc3RylJOUdJRSlGgCKGgFjFtZb3VyIHV0aWxpdHkgIktIw4FDSCBT4bqgTiBOR8OUSSBTQU8iIGhhcyBiZWVuIGFwcHJvdmVkIGFuZCB3aWxsIGJlIGFjdGl2ZSB1bnRpbCAyMDE4LTExLTEwlIWUfZRoC3SUUpSMD2FuZ2lhQGFuZ2lhLmNvbZRdlIwOaW5mb0BhbmdpYS50b3CUYXSULg==	gASVAwAAAAAAAAB9lC4=	gASVAwAAAAAAAABLAS4=	2017-11-09 10:31:59.110957+00	2017-11-09 10:32:01.74396+00	t	\N
604e24dfac9841bd940ef52edd66df08	stream-six-failed-juliet	django.core.mail.send_mail	\N	gASVFAEAAAAAAAAojBdkamFuZ28udXRpbHMuZnVuY3Rpb25hbJSMFF9sYXp5X3Byb3h5X3VucGlja2xllJOUKIwYZGphbmdvLnV0aWxzLnRyYW5zbGF0aW9ulIwIdWdldHRleHSUk5SMEVV0aWxpdHkgY29uZmlybWVklIWUfZSMCGJ1aWx0aW5zlIwDc3RylJOUdJRSlGgCKGgFjE1Zb3VyIGFjY291bnQgaGFzIHVzZWQgMzY2IHBvaW50KHMpIHRvIGFjdGl2ZSB1dGlsaXR5ICJLSMOBQ0ggU+G6oE4gTkfDlEkgU0FPIpSFlH2UaAt0lFKUjA9hbmdpYUBhbmdpYS5jb22UXZSMDmluZm9AYW5naWEudG9wlGF0lC4=	gASVAwAAAAAAAAB9lC4=	gASVAwAAAAAAAABLAS4=	2017-11-09 10:31:59.114553+00	2017-11-09 10:32:04.271908+00	t	\N
6410f5af7df34c599e52a410c52daded	cup-nine-leopard-oscar	django.core.mail.send_mail	\N	gASVIgEAAAAAAAAojBdkamFuZ28udXRpbHMuZnVuY3Rpb25hbJSMFF9sYXp5X3Byb3h5X3VucGlja2xllJOUKIwYZGphbmdvLnV0aWxzLnRyYW5zbGF0aW9ulIwIdWdldHRleHSUk5SMEVV0aWxpdHkgY29uZmlybWVklIWUfZSMCGJ1aWx0aW5zlIwDc3RylJOUdJRSlGgCKGgFjFtZb3VyIHV0aWxpdHkgIktIw4FDSCBT4bqgTiBOR8OUSSBTQU8iIGhhcyBiZWVuIGFwcHJvdmVkIGFuZCB3aWxsIGJlIGFjdGl2ZSB1bnRpbCAyMDE4LTExLTEwlIWUfZRoC3SUUpSMD2FuZ2lhQGFuZ2lhLmNvbZRdlIwOaW5mb0BhbmdpYS50b3CUYXSULg==	gASVAwAAAAAAAAB9lC4=	gASVAwAAAAAAAABLAS4=	2017-11-09 10:32:42.337089+00	2017-11-09 10:32:44.613464+00	t	\N
3a040ba93b574c248982ed1d0d008375	nineteen-alpha-xray-xray	django.core.mail.send_mail	\N	gASVFAEAAAAAAAAojBdkamFuZ28udXRpbHMuZnVuY3Rpb25hbJSMFF9sYXp5X3Byb3h5X3VucGlja2xllJOUKIwYZGphbmdvLnV0aWxzLnRyYW5zbGF0aW9ulIwIdWdldHRleHSUk5SMEVV0aWxpdHkgY29uZmlybWVklIWUfZSMCGJ1aWx0aW5zlIwDc3RylJOUdJRSlGgCKGgFjE1Zb3VyIGFjY291bnQgaGFzIHVzZWQgMzY2IHBvaW50KHMpIHRvIGFjdGl2ZSB1dGlsaXR5ICJLSMOBQ0ggU+G6oE4gTkfDlEkgU0FPIpSFlH2UaAt0lFKUjA9hbmdpYUBhbmdpYS5jb22UXZSMDmluZm9AYW5naWEudG9wlGF0lC4=	gASVAwAAAAAAAAB9lC4=	gASVAwAAAAAAAABLAS4=	2017-11-09 10:32:42.340932+00	2017-11-09 10:32:46.826873+00	t	\N
ec05f1603eaa4848bf6ca46928644dd6	leopard-mountain-california-sweet	django.core.mail.send_mail	\N	gASVJQEAAAAAAAAojBdkamFuZ28udXRpbHMuZnVuY3Rpb25hbJSMFF9sYXp5X3Byb3h5X3VucGlja2xllJOUKIwYZGphbmdvLnV0aWxzLnRyYW5zbGF0aW9ulIwIdWdldHRleHSUk5SMEVV0aWxpdHkgY29uZmlybWVklIWUfZSMCGJ1aWx0aW5zlIwDc3RylJOUdJRSlGgCKGgFjF5Zb3VyIHV0aWxpdHkgIlRJ4buGTSDEkEnhu4ZOIEhPw4AgQsOMTkgiIGhhcyBiZWVuIGFwcHJvdmVkIGFuZCB3aWxsIGJlIGFjdGl2ZSB1bnRpbCAyMDE4LTExLTEwlIWUfZRoC3SUUpSMD2FuZ2lhQGFuZ2lhLmNvbZRdlIwOaW5mb0BhbmdpYS50b3CUYXSULg==	gASVAwAAAAAAAAB9lC4=	gASVAwAAAAAAAABLAS4=	2017-11-09 12:01:35.148758+00	2017-11-09 12:01:38.114356+00	t	\N
2279793fbba344a6896574a86f94e952	butter-wyoming-december-equal	django.core.mail.send_mail	\N	gASVFwEAAAAAAAAojBdkamFuZ28udXRpbHMuZnVuY3Rpb25hbJSMFF9sYXp5X3Byb3h5X3VucGlja2xllJOUKIwYZGphbmdvLnV0aWxzLnRyYW5zbGF0aW9ulIwIdWdldHRleHSUk5SMEVV0aWxpdHkgY29uZmlybWVklIWUfZSMCGJ1aWx0aW5zlIwDc3RylJOUdJRSlGgCKGgFjFBZb3VyIGFjY291bnQgaGFzIHVzZWQgMzY2IHBvaW50KHMpIHRvIGFjdGl2ZSB1dGlsaXR5ICJUSeG7hk0gxJBJ4buGTiBIT8OAIELDjE5IIpSFlH2UaAt0lFKUjA9hbmdpYUBhbmdpYS5jb22UXZSMDmluZm9AYW5naWEudG9wlGF0lC4=	gASVAwAAAAAAAAB9lC4=	gASVAwAAAAAAAABLAS4=	2017-11-09 12:01:35.152338+00	2017-11-09 12:01:40.441397+00	t	\N
41f1276768894d23970d8d626754a05d	virginia-mobile-lake-solar	django.core.mail.send_mail	\N	gASVIwEAAAAAAAAojBdkamFuZ28udXRpbHMuZnVuY3Rpb25hbJSMFF9sYXp5X3Byb3h5X3VucGlja2xllJOUKIwYZGphbmdvLnV0aWxzLnRyYW5zbGF0aW9ulIwIdWdldHRleHSUk5SMEVV0aWxpdHkgY29uZmlybWVklIWUfZSMCGJ1aWx0aW5zlIwDc3RylJOUdJRSlGgCKGgFjFxZb3VyIHV0aWxpdHkgIkLDiiBUSFVJIENBTyBOR1VZw4pOIDAyIiBoYXMgYmVlbiBhcHByb3ZlZCBhbmQgd2lsbCBiZSBhY3RpdmUgdW50aWwgMjAxOC0xMS0xMJSFlH2UaAt0lFKUjA9hbmdpYUBhbmdpYS5jb22UXZSMDmluZm9AYW5naWEudG9wlGF0lC4=	gASVAwAAAAAAAAB9lC4=	gASVAwAAAAAAAABLAS4=	2017-11-09 12:02:04.696904+00	2017-11-09 12:02:07.126975+00	t	\N
8c881420dfc44d24be286f7df810bf41	december-king-mars-black	django.core.mail.send_mail	\N	gASVFQEAAAAAAAAojBdkamFuZ28udXRpbHMuZnVuY3Rpb25hbJSMFF9sYXp5X3Byb3h5X3VucGlja2xllJOUKIwYZGphbmdvLnV0aWxzLnRyYW5zbGF0aW9ulIwIdWdldHRleHSUk5SMEVV0aWxpdHkgY29uZmlybWVklIWUfZSMCGJ1aWx0aW5zlIwDc3RylJOUdJRSlGgCKGgFjE5Zb3VyIGFjY291bnQgaGFzIHVzZWQgMzY2IHBvaW50KHMpIHRvIGFjdGl2ZSB1dGlsaXR5ICJCw4ogVEhVSSBDQU8gTkdVWcOKTiAwMiKUhZR9lGgLdJRSlIwPYW5naWFAYW5naWEuY29tlF2UjA5pbmZvQGFuZ2lhLnRvcJRhdJQu	gASVAwAAAAAAAAB9lC4=	gASVAwAAAAAAAABLAS4=	2017-11-09 12:02:04.700869+00	2017-11-09 12:02:09.518721+00	t	\N
282598ce123645ca9160eec375fe85eb	hawaii-papa-tennis-uncle	django.core.mail.send_mail	\N	gASVLgEAAAAAAAAojBdkamFuZ28udXRpbHMuZnVuY3Rpb25hbJSMFF9sYXp5X3Byb3h5X3VucGlja2xllJOUKIwYZGphbmdvLnV0aWxzLnRyYW5zbGF0aW9ulIwIdWdldHRleHSUk5SMEVV0aWxpdHkgY29uZmlybWVklIWUfZSMCGJ1aWx0aW5zlIwDc3RylJOUdJRSlGgCKGgFjGdZb3VyIHV0aWxpdHkgIlPDgE4gR0lBTyBE4buKQ0ggQsSQUyBUUsav4bucTkcgQU4iIGhhcyBiZWVuIGFwcHJvdmVkIGFuZCB3aWxsIGJlIGFjdGl2ZSB1bnRpbCAyMDE4LTExLTEwlIWUfZRoC3SUUpSMD2FuZ2lhQGFuZ2lhLmNvbZRdlIwOaW5mb0BhbmdpYS50b3CUYXSULg==	gASVAwAAAAAAAAB9lC4=	gASVAwAAAAAAAABLAS4=	2017-11-09 12:02:20.046678+00	2017-11-09 12:02:22.391481+00	t	\N
805c5eef933a4150823e9aaba2296949	july-red-mississippi-papa	django.core.mail.send_mail	\N	gASVIAEAAAAAAAAojBdkamFuZ28udXRpbHMuZnVuY3Rpb25hbJSMFF9sYXp5X3Byb3h5X3VucGlja2xllJOUKIwYZGphbmdvLnV0aWxzLnRyYW5zbGF0aW9ulIwIdWdldHRleHSUk5SMEVV0aWxpdHkgY29uZmlybWVklIWUfZSMCGJ1aWx0aW5zlIwDc3RylJOUdJRSlGgCKGgFjFlZb3VyIGFjY291bnQgaGFzIHVzZWQgMzY2IHBvaW50KHMpIHRvIGFjdGl2ZSB1dGlsaXR5ICJTw4BOIEdJQU8gROG7ikNIIELEkFMgVFLGr+G7nE5HIEFOIpSFlH2UaAt0lFKUjA9hbmdpYUBhbmdpYS5jb22UXZSMDmluZm9AYW5naWEudG9wlGF0lC4=	gASVAwAAAAAAAAB9lC4=	gASVAwAAAAAAAABLAS4=	2017-11-09 12:02:20.05027+00	2017-11-09 12:02:24.821263+00	t	\N
40f23e75af354876a11691440af4d647	wolfram-one-illinois-kansas	django.core.mail.send_mail	\N	gASVJQEAAAAAAAAojBdkamFuZ28udXRpbHMuZnVuY3Rpb25hbJSMFF9sYXp5X3Byb3h5X3VucGlja2xllJOUKIwYZGphbmdvLnV0aWxzLnRyYW5zbGF0aW9ulIwIdWdldHRleHSUk5SMEVV0aWxpdHkgY29uZmlybWVklIWUfZSMCGJ1aWx0aW5zlIwDc3RylJOUdJRSlGgCKGgFjF5Zb3VyIHV0aWxpdHkgIkhPVEVMIFTDgk4gVEhJw4pOIEjGr8agTkciIGhhcyBiZWVuIGFwcHJvdmVkIGFuZCB3aWxsIGJlIGFjdGl2ZSB1bnRpbCAyMDE4LTExLTEwlIWUfZRoC3SUUpSMD2FuZ2lhQGFuZ2lhLmNvbZRdlIwOaW5mb0BhbmdpYS50b3CUYXSULg==	gASVAwAAAAAAAAB9lC4=	gASVAwAAAAAAAABLAS4=	2017-11-09 12:02:29.563408+00	2017-11-09 12:02:32.02729+00	t	\N
59ada225b1104409accc2b7bacd2fe2d	kitten-vermont-december-pasta	django.core.mail.send_mail	\N	gASVFwEAAAAAAAAojBdkamFuZ28udXRpbHMuZnVuY3Rpb25hbJSMFF9sYXp5X3Byb3h5X3VucGlja2xllJOUKIwYZGphbmdvLnV0aWxzLnRyYW5zbGF0aW9ulIwIdWdldHRleHSUk5SMEVV0aWxpdHkgY29uZmlybWVklIWUfZSMCGJ1aWx0aW5zlIwDc3RylJOUdJRSlGgCKGgFjFBZb3VyIGFjY291bnQgaGFzIHVzZWQgMzY2IHBvaW50KHMpIHRvIGFjdGl2ZSB1dGlsaXR5ICJIT1RFTCBUw4JOIFRIScOKTiBIxq/GoE5HIpSFlH2UaAt0lFKUjA9hbmdpYUBhbmdpYS5jb22UXZSMDmluZm9AYW5naWEudG9wlGF0lC4=	gASVAwAAAAAAAAB9lC4=	gASVAwAAAAAAAABLAS4=	2017-11-09 12:02:29.567214+00	2017-11-09 12:02:34.457175+00	t	\N
811b141893254ae08635c03db35c1631	music-burger-foxtrot-six	django.core.mail.send_mail	\N	gASVKQEAAAAAAAAojBdkamFuZ28udXRpbHMuZnVuY3Rpb25hbJSMFF9sYXp5X3Byb3h5X3VucGlja2xllJOUKIwYZGphbmdvLnV0aWxzLnRyYW5zbGF0aW9ulIwIdWdldHRleHSUk5SMEVV0aWxpdHkgY29uZmlybWVklIWUfZSMCGJ1aWx0aW5zlIwDc3RylJOUdJRSlGgCKGgFjGJZb3VyIHV0aWxpdHkgIlRI4buwQyBQSOG6qE0gU+G6oENIIFZJRVQgR0FQIiBoYXMgYmVlbiBhcHByb3ZlZCBhbmQgd2lsbCBiZSBhY3RpdmUgdW50aWwgMjAxOC0xMS0xMJSFlH2UaAt0lFKUjA9hbmdpYUBhbmdpYS5jb22UXZSMDmluZm9AYW5naWEudG9wlGF0lC4=	gASVAwAAAAAAAAB9lC4=	gASVAwAAAAAAAABLAS4=	2017-11-09 14:05:50.251715+00	2017-11-09 14:05:53.96536+00	t	\N
c7a2fad1a1ba4c57a4c53b4501055e98	foxtrot-ack-carbon-seven	django.core.mail.send_mail	\N	gASVGwEAAAAAAAAojBdkamFuZ28udXRpbHMuZnVuY3Rpb25hbJSMFF9sYXp5X3Byb3h5X3VucGlja2xllJOUKIwYZGphbmdvLnV0aWxzLnRyYW5zbGF0aW9ulIwIdWdldHRleHSUk5SMEVV0aWxpdHkgY29uZmlybWVklIWUfZSMCGJ1aWx0aW5zlIwDc3RylJOUdJRSlGgCKGgFjFRZb3VyIGFjY291bnQgaGFzIHVzZWQgMzY2IHBvaW50KHMpIHRvIGFjdGl2ZSB1dGlsaXR5ICJUSOG7sEMgUEjhuqhNIFPhuqBDSCBWSUVUIEdBUCKUhZR9lGgLdJRSlIwPYW5naWFAYW5naWEuY29tlF2UjA5pbmZvQGFuZ2lhLnRvcJRhdJQu	gASVAwAAAAAAAAB9lC4=	gASVAwAAAAAAAABLAS4=	2017-11-09 14:05:50.255991+00	2017-11-09 14:05:56.222567+00	t	\N
9a5ca121988742cd9bf3d99c97f8149e	fish-mockingbird-crazy-uncle	django.core.mail.send_mail	\N	gASVKQEAAAAAAAAojBdkamFuZ28udXRpbHMuZnVuY3Rpb25hbJSMFF9sYXp5X3Byb3h5X3VucGlja2xllJOUKIwYZGphbmdvLnV0aWxzLnRyYW5zbGF0aW9ulIwIdWdldHRleHSUk5SMEVV0aWxpdHkgY29uZmlybWVklIWUfZSMCGJ1aWx0aW5zlIwDc3RylJOUdJRSlGgCKGgFjGJZb3VyIHV0aWxpdHkgIlRI4buwQyBQSOG6qE0gU+G6oENIIFZJRVQgR0FQIiBoYXMgYmVlbiBhcHByb3ZlZCBhbmQgd2lsbCBiZSBhY3RpdmUgdW50aWwgMjAxOC0xMS0xMJSFlH2UaAt0lFKUjA9hbmdpYUBhbmdpYS5jb22UXZSMDmluZm9AYW5naWEudG9wlGF0lC4=	gASVAwAAAAAAAAB9lC4=	gASVAwAAAAAAAABLAS4=	2017-11-09 14:05:50.332809+00	2017-11-09 14:05:58.454598+00	t	\N
5e20976083c24015af8adad3fc65b431	michigan-berlin-connecticut-burger	django.core.mail.send_mail	\N	gASVGwEAAAAAAAAojBdkamFuZ28udXRpbHMuZnVuY3Rpb25hbJSMFF9sYXp5X3Byb3h5X3VucGlja2xllJOUKIwYZGphbmdvLnV0aWxzLnRyYW5zbGF0aW9ulIwIdWdldHRleHSUk5SMEVV0aWxpdHkgY29uZmlybWVklIWUfZSMCGJ1aWx0aW5zlIwDc3RylJOUdJRSlGgCKGgFjFRZb3VyIGFjY291bnQgaGFzIHVzZWQgMzY2IHBvaW50KHMpIHRvIGFjdGl2ZSB1dGlsaXR5ICJUSOG7sEMgUEjhuqhNIFPhuqBDSCBWSUVUIEdBUCKUhZR9lGgLdJRSlIwPYW5naWFAYW5naWEuY29tlF2UjA5pbmZvQGFuZ2lhLnRvcJRhdJQu	gASVAwAAAAAAAAB9lC4=	gASVAwAAAAAAAABLAS4=	2017-11-09 14:05:50.335238+00	2017-11-09 14:06:00.855023+00	t	\N
85994da46ce44a6083400bd8fdcdaf42	william-ohio-bacon-texas	django.core.mail.send_mail	\N	gASVLwEAAAAAAAAojBdkamFuZ28udXRpbHMuZnVuY3Rpb25hbJSMFF9sYXp5X3Byb3h5X3VucGlja2xllJOUKIwYZGphbmdvLnV0aWxzLnRyYW5zbGF0aW9ulIwIdWdldHRleHSUk5SMEVV0aWxpdHkgY29uZmlybWVklIWUfZSMCGJ1aWx0aW5zlIwDc3RylJOUdJRSlGgCKGgFjGhZb3VyIHV0aWxpdHkgIlbhu7BBIEfhuqBPIE1J4buATiBUw4JZIFRIQU5IIELDjE5IIiBoYXMgYmVlbiBhcHByb3ZlZCBhbmQgd2lsbCBiZSBhY3RpdmUgdW50aWwgMjAxOC0xMS0xMJSFlH2UaAt0lFKUjA9hbmdpYUBhbmdpYS5jb22UXZSMDmluZm9AYW5naWEudG9wlGF0lC4=	gASVAwAAAAAAAAB9lC4=	gASVAwAAAAAAAABLAS4=	2017-11-09 14:14:07.925858+00	2017-11-09 14:14:10.362032+00	t	\N
fd3be314ccd24dc3b6decdda4f947d3d	delaware-mockingbird-magazine-nine	django.core.mail.send_mail	\N	gASVIQEAAAAAAAAojBdkamFuZ28udXRpbHMuZnVuY3Rpb25hbJSMFF9sYXp5X3Byb3h5X3VucGlja2xllJOUKIwYZGphbmdvLnV0aWxzLnRyYW5zbGF0aW9ulIwIdWdldHRleHSUk5SMEVV0aWxpdHkgY29uZmlybWVklIWUfZSMCGJ1aWx0aW5zlIwDc3RylJOUdJRSlGgCKGgFjFpZb3VyIGFjY291bnQgaGFzIHVzZWQgMzY2IHBvaW50KHMpIHRvIGFjdGl2ZSB1dGlsaXR5ICJW4buwQSBH4bqgTyBNSeG7gE4gVMOCWSBUSEFOSCBCw4xOSCKUhZR9lGgLdJRSlIwPYW5naWFAYW5naWEuY29tlF2UjA5pbmZvQGFuZ2lhLnRvcJRhdJQu	gASVAwAAAAAAAAB9lC4=	gASVAwAAAAAAAABLAS4=	2017-11-09 14:14:07.929562+00	2017-11-09 14:14:12.747062+00	t	\N
0fc8549173ff4f7a98cfa8fa9e4de924	alanine-river-angel-california	django.core.mail.send_mail	\N	gASVLQEAAAAAAAAojBdkamFuZ28udXRpbHMuZnVuY3Rpb25hbJSMFF9sYXp5X3Byb3h5X3VucGlja2xllJOUKIwYZGphbmdvLnV0aWxzLnRyYW5zbGF0aW9ulIwIdWdldHRleHSUk5SMEVV0aWxpdHkgY29uZmlybWVklIWUfZSMCGJ1aWx0aW5zlIwDc3RylJOUdJRSlGgCKGgFjGZZb3VyIHV0aWxpdHkgIkNITyBUSFXDiiBYRSBU4buwIEzDgUkgKyBDw5MgTMOBSSIgaGFzIGJlZW4gYXBwcm92ZWQgYW5kIHdpbGwgYmUgYWN0aXZlIHVudGlsIDIwMTgtMTEtMTCUhZR9lGgLdJRSlIwPYW5naWFAYW5naWEuY29tlF2UjA5pbmZvQGFuZ2lhLnRvcJRhdJQu	gASVAwAAAAAAAAB9lC4=	gASVAwAAAAAAAABLAS4=	2017-11-09 14:49:24.821116+00	2017-11-09 14:49:27.656086+00	t	\N
b0b6ef0ee1d04cbb88a99eeee67b8731	uniform-single-fruit-comet	django.core.mail.send_mail	\N	gASVHwEAAAAAAAAojBdkamFuZ28udXRpbHMuZnVuY3Rpb25hbJSMFF9sYXp5X3Byb3h5X3VucGlja2xllJOUKIwYZGphbmdvLnV0aWxzLnRyYW5zbGF0aW9ulIwIdWdldHRleHSUk5SMEVV0aWxpdHkgY29uZmlybWVklIWUfZSMCGJ1aWx0aW5zlIwDc3RylJOUdJRSlGgCKGgFjFhZb3VyIGFjY291bnQgaGFzIHVzZWQgMzY2IHBvaW50KHMpIHRvIGFjdGl2ZSB1dGlsaXR5ICJDSE8gVEhVw4ogWEUgVOG7sCBMw4FJICsgQ8OTIEzDgUkilIWUfZRoC3SUUpSMD2FuZ2lhQGFuZ2lhLmNvbZRdlIwOaW5mb0BhbmdpYS50b3CUYXSULg==	gASVAwAAAAAAAAB9lC4=	gASVAwAAAAAAAABLAS4=	2017-11-09 14:49:24.82485+00	2017-11-09 14:49:30.119799+00	t	\N
28e390cc55414eb3a7d7bd3ab7829b8b	nebraska-utah-winter-charlie	django.core.mail.send_mail	\N	gASVQAEAAAAAAAAojBdkamFuZ28udXRpbHMuZnVuY3Rpb25hbJSMFF9sYXp5X3Byb3h5X3VucGlja2xllJOUKIwYZGphbmdvLnV0aWxzLnRyYW5zbGF0aW9ulIwIdWdldHRleHSUk5SMEVV0aWxpdHkgY29uZmlybWVklIWUfZSMCGJ1aWx0aW5zlIwDc3RylJOUdJRSlGgCKGgFjHlZb3VyIHV0aWxpdHkgInbEg24gcGjDsm5nIGvDvSBn4butaSBtdWEgYsOhbiBjaG8gdGh1w6ogbmjDoCDEkeG6pXQiIGhhcyBiZWVuIGFwcHJvdmVkIGFuZCB3aWxsIGJlIGFjdGl2ZSB1bnRpbCAyMDE4LTExLTEwlIWUfZRoC3SUUpSMD2FuZ2lhQGFuZ2lhLmNvbZRdlIwOaW5mb0BhbmdpYS50b3CUYXSULg==	gASVAwAAAAAAAAB9lC4=	gASVAwAAAAAAAABLAS4=	2017-11-09 16:41:32.396064+00	2017-11-09 16:41:35.641277+00	t	\N
7f52d7d400cf4da99f15729a88795aa0	cup-comet-illinois-asparagus	django.core.mail.send_mail	\N	gASVMgEAAAAAAAAojBdkamFuZ28udXRpbHMuZnVuY3Rpb25hbJSMFF9sYXp5X3Byb3h5X3VucGlja2xllJOUKIwYZGphbmdvLnV0aWxzLnRyYW5zbGF0aW9ulIwIdWdldHRleHSUk5SMEVV0aWxpdHkgY29uZmlybWVklIWUfZSMCGJ1aWx0aW5zlIwDc3RylJOUdJRSlGgCKGgFjGtZb3VyIGFjY291bnQgaGFzIHVzZWQgMzY2IHBvaW50KHMpIHRvIGFjdGl2ZSB1dGlsaXR5ICJ2xINuIHBow7JuZyBrw70gZ+G7rWkgbXVhIGLDoW4gY2hvIHRodcOqIG5ow6AgxJHhuqV0IpSFlH2UaAt0lFKUjA9hbmdpYUBhbmdpYS5jb22UXZSMDmluZm9AYW5naWEudG9wlGF0lC4=	gASVAwAAAAAAAAB9lC4=	gASVAwAAAAAAAABLAS4=	2017-11-09 16:41:32.399693+00	2017-11-09 16:41:38.048122+00	t	\N
6baf5060964f4aa6b8b53dcc4529981b	white-double-yankee-violet	django.core.mail.send_mail	\N	gASVKwEAAAAAAAAojBdkamFuZ28udXRpbHMuZnVuY3Rpb25hbJSMFF9sYXp5X3Byb3h5X3VucGlja2xllJOUKIwYZGphbmdvLnV0aWxzLnRyYW5zbGF0aW9ulIwIdWdldHRleHSUk5SMEVV0aWxpdHkgY29uZmlybWVklIWUfZSMCGJ1aWx0aW5zlIwDc3RylJOUdJRSlGgCKGgFjGRZb3VyIHV0aWxpdHkgIkdJQU8gROG7ikNIIELhuqRUIMSQ4buYTkcgU+G6ok4iIGhhcyBiZWVuIGFwcHJvdmVkIGFuZCB3aWxsIGJlIGFjdGl2ZSB1bnRpbCAyMDE4LTExLTEwlIWUfZRoC3SUUpSMD2FuZ2lhQGFuZ2lhLmNvbZRdlIwOaW5mb0BhbmdpYS50b3CUYXSULg==	gASVAwAAAAAAAAB9lC4=	gASVAwAAAAAAAABLAS4=	2017-11-09 16:46:43.466777+00	2017-11-09 16:46:45.930732+00	t	\N
d93493b212a949239b7d54c0d7be4574	social-speaker-king-hamper	django.core.mail.send_mail	\N	gASVHQEAAAAAAAAojBdkamFuZ28udXRpbHMuZnVuY3Rpb25hbJSMFF9sYXp5X3Byb3h5X3VucGlja2xllJOUKIwYZGphbmdvLnV0aWxzLnRyYW5zbGF0aW9ulIwIdWdldHRleHSUk5SMEVV0aWxpdHkgY29uZmlybWVklIWUfZSMCGJ1aWx0aW5zlIwDc3RylJOUdJRSlGgCKGgFjFZZb3VyIGFjY291bnQgaGFzIHVzZWQgMzY2IHBvaW50KHMpIHRvIGFjdGl2ZSB1dGlsaXR5ICJHSUFPIEThu4pDSCBC4bqkVCDEkOG7mE5HIFPhuqJOIpSFlH2UaAt0lFKUjA9hbmdpYUBhbmdpYS5jb22UXZSMDmluZm9AYW5naWEudG9wlGF0lC4=	gASVAwAAAAAAAAB9lC4=	gASVAwAAAAAAAABLAS4=	2017-11-09 16:46:43.470394+00	2017-11-09 16:46:48.536752+00	t	\N
aadbf86c7bbb4b9cacbff600a4c51716	uncle-blossom-uncle-hydrogen	django.core.mail.send_mail	\N	gASVGwEAAAAAAAAojBdkamFuZ28udXRpbHMuZnVuY3Rpb25hbJSMFF9sYXp5X3Byb3h5X3VucGlja2xllJOUKIwYZGphbmdvLnV0aWxzLnRyYW5zbGF0aW9ulIwIdWdldHRleHSUk5SMEVV0aWxpdHkgY29uZmlybWVklIWUfZSMCGJ1aWx0aW5zlIwDc3RylJOUdJRSlGgCKGgFjFRZb3VyIHV0aWxpdHkgIkNIw4JVIENISSBDQUtFUyIgaGFzIGJlZW4gYXBwcm92ZWQgYW5kIHdpbGwgYmUgYWN0aXZlIHVudGlsIDIwMTgtMTEtMTGUhZR9lGgLdJRSlIwPYW5naWFAYW5naWEuY29tlF2UjA5pbmZvQGFuZ2lhLnRvcJRhdJQu	gASVAwAAAAAAAAB9lC4=	gASVAwAAAAAAAABLAS4=	2017-11-10 03:37:21.114267+00	2017-11-10 03:37:24.264867+00	t	\N
2fba97e82e9d48db9695104c2fdf7201	vegan-cardinal-hotel-march	django.core.mail.send_mail	\N	gASVDQEAAAAAAAAojBdkamFuZ28udXRpbHMuZnVuY3Rpb25hbJSMFF9sYXp5X3Byb3h5X3VucGlja2xllJOUKIwYZGphbmdvLnV0aWxzLnRyYW5zbGF0aW9ulIwIdWdldHRleHSUk5SMEVV0aWxpdHkgY29uZmlybWVklIWUfZSMCGJ1aWx0aW5zlIwDc3RylJOUdJRSlGgCKGgFjEZZb3VyIGFjY291bnQgaGFzIHVzZWQgMzY2IHBvaW50KHMpIHRvIGFjdGl2ZSB1dGlsaXR5ICJDSMOCVSBDSEkgQ0FLRVMilIWUfZRoC3SUUpSMD2FuZ2lhQGFuZ2lhLmNvbZRdlIwOaW5mb0BhbmdpYS50b3CUYXSULg==	gASVAwAAAAAAAAB9lC4=	gASVAwAAAAAAAABLAS4=	2017-11-10 03:37:21.125695+00	2017-11-10 03:37:26.523735+00	t	\N
76f72d8bcecf48b394d9603c7ce1236a	coffee-wyoming-bakerloo-steak	django.core.mail.send_mail	\N	gASVIAEAAAAAAAAojBdkamFuZ28udXRpbHMuZnVuY3Rpb25hbJSMFF9sYXp5X3Byb3h5X3VucGlja2xllJOUKIwYZGphbmdvLnV0aWxzLnRyYW5zbGF0aW9ulIwIdWdldHRleHSUk5SMEVV0aWxpdHkgY29uZmlybWVklIWUfZSMCGJ1aWx0aW5zlIwDc3RylJOUdJRSlGgCKGgFjFlZb3VyIHV0aWxpdHkgIlPhu6xBIFhFIFTDgk4gTkjhu7BUIiBoYXMgYmVlbiBhcHByb3ZlZCBhbmQgd2lsbCBiZSBhY3RpdmUgdW50aWwgMjAxOC0xMS0xMZSFlH2UaAt0lFKUjA9hbmdpYUBhbmdpYS5jb22UXZSMDmluZm9AYW5naWEudG9wlGF0lC4=	gASVAwAAAAAAAAB9lC4=	gASVAwAAAAAAAABLAS4=	2017-11-10 03:47:49.873084+00	2017-11-10 03:47:52.214158+00	t	\N
f86d34c2d83e43028df8859ae7c67347	india-oregon-jig-beryllium	django.core.mail.send_mail	\N	gASVEgEAAAAAAAAojBdkamFuZ28udXRpbHMuZnVuY3Rpb25hbJSMFF9sYXp5X3Byb3h5X3VucGlja2xllJOUKIwYZGphbmdvLnV0aWxzLnRyYW5zbGF0aW9ulIwIdWdldHRleHSUk5SMEVV0aWxpdHkgY29uZmlybWVklIWUfZSMCGJ1aWx0aW5zlIwDc3RylJOUdJRSlGgCKGgFjEtZb3VyIGFjY291bnQgaGFzIHVzZWQgMzY2IHBvaW50KHMpIHRvIGFjdGl2ZSB1dGlsaXR5ICJT4busQSBYRSBUw4JOIE5I4buwVCKUhZR9lGgLdJRSlIwPYW5naWFAYW5naWEuY29tlF2UjA5pbmZvQGFuZ2lhLnRvcJRhdJQu	gASVAwAAAAAAAAB9lC4=	gASVAwAAAAAAAABLAS4=	2017-11-10 03:47:49.876653+00	2017-11-10 03:47:54.525207+00	t	\N
069889df9adc4852a0222756f4973875	six-helium-whiskey-cup	django.core.mail.send_mail	\N	gASVIAEAAAAAAAAojBdkamFuZ28udXRpbHMuZnVuY3Rpb25hbJSMFF9sYXp5X3Byb3h5X3VucGlja2xllJOUKIwYZGphbmdvLnV0aWxzLnRyYW5zbGF0aW9ulIwIdWdldHRleHSUk5SMEVV0aWxpdHkgY29uZmlybWVklIWUfZSMCGJ1aWx0aW5zlIwDc3RylJOUdJRSlGgCKGgFjFlZb3VyIHV0aWxpdHkgIlPhu6xBIFhFIFTDgk4gTkjhu7BUIiBoYXMgYmVlbiBhcHByb3ZlZCBhbmQgd2lsbCBiZSBhY3RpdmUgdW50aWwgMjAxOC0xMS0xMZSFlH2UaAt0lFKUjA9hbmdpYUBhbmdpYS5jb22UXZSMDmluZm9AYW5naWEudG9wlGF0lC4=	gASVAwAAAAAAAAB9lC4=	gASVAwAAAAAAAABLAS4=	2017-11-10 03:48:18.300888+00	2017-11-10 03:48:20.623166+00	t	\N
b385eaf919d94b1a8feffd5c29b29401	charlie-monkey-september-autumn	django.core.mail.send_mail	\N	gASVEgEAAAAAAAAojBdkamFuZ28udXRpbHMuZnVuY3Rpb25hbJSMFF9sYXp5X3Byb3h5X3VucGlja2xllJOUKIwYZGphbmdvLnV0aWxzLnRyYW5zbGF0aW9ulIwIdWdldHRleHSUk5SMEVV0aWxpdHkgY29uZmlybWVklIWUfZSMCGJ1aWx0aW5zlIwDc3RylJOUdJRSlGgCKGgFjEtZb3VyIGFjY291bnQgaGFzIHVzZWQgMzY2IHBvaW50KHMpIHRvIGFjdGl2ZSB1dGlsaXR5ICJT4busQSBYRSBUw4JOIE5I4buwVCKUhZR9lGgLdJRSlIwPYW5naWFAYW5naWEuY29tlF2UjA5pbmZvQGFuZ2lhLnRvcJRhdJQu	gASVAwAAAAAAAAB9lC4=	gASVAwAAAAAAAABLAS4=	2017-11-10 03:48:18.30547+00	2017-11-10 03:48:22.849281+00	t	\N
44696a10fddb4185aa9571710f1ba235	grey-twelve-enemy-march	django.core.mail.send_mail	\N	gASVJwEAAAAAAAAojBdkamFuZ28udXRpbHMuZnVuY3Rpb25hbJSMFF9sYXp5X3Byb3h5X3VucGlja2xllJOUKIwYZGphbmdvLnV0aWxzLnRyYW5zbGF0aW9ulIwIdWdldHRleHSUk5SMEVV0aWxpdHkgY29uZmlybWVklIWUfZSMCGJ1aWx0aW5zlIwDc3RylJOUdJRSlGgCKGgFjGBZb3VyIHV0aWxpdHkgIlRSVU5HIFTDgk0gQ0jEgk0gU8OTQyBYRSAySCIgaGFzIGJlZW4gYXBwcm92ZWQgYW5kIHdpbGwgYmUgYWN0aXZlIHVudGlsIDIwMTgtMTEtMTGUhZR9lGgLdJRSlIwPYW5naWFAYW5naWEuY29tlF2UjA5pbmZvQGFuZ2lhLnRvcJRhdJQu	gASVAwAAAAAAAAB9lC4=	gASVAwAAAAAAAABLAS4=	2017-11-10 04:07:51.320983+00	2017-11-10 04:07:53.986505+00	t	\N
c9d976fc04fd42eeab2baaaa6904d7c6	nevada-golf-magnesium-london	django.core.mail.send_mail	\N	gASVGQEAAAAAAAAojBdkamFuZ28udXRpbHMuZnVuY3Rpb25hbJSMFF9sYXp5X3Byb3h5X3VucGlja2xllJOUKIwYZGphbmdvLnV0aWxzLnRyYW5zbGF0aW9ulIwIdWdldHRleHSUk5SMEVV0aWxpdHkgY29uZmlybWVklIWUfZSMCGJ1aWx0aW5zlIwDc3RylJOUdJRSlGgCKGgFjFJZb3VyIGFjY291bnQgaGFzIHVzZWQgMzY2IHBvaW50KHMpIHRvIGFjdGl2ZSB1dGlsaXR5ICJUUlVORyBUw4JNIENIxIJNIFPDk0MgWEUgMkgilIWUfZRoC3SUUpSMD2FuZ2lhQGFuZ2lhLmNvbZRdlIwOaW5mb0BhbmdpYS50b3CUYXSULg==	gASVAwAAAAAAAAB9lC4=	gASVAwAAAAAAAABLAS4=	2017-11-10 04:07:51.329538+00	2017-11-10 04:07:56.408143+00	t	\N
bec503ca80ed479282982c92635dd395	potato-red-one-leopard	django.core.mail.send_mail	\N	gASVMQEAAAAAAAAojBdkamFuZ28udXRpbHMuZnVuY3Rpb25hbJSMFF9sYXp5X3Byb3h5X3VucGlja2xllJOUKIwYZGphbmdvLnV0aWxzLnRyYW5zbGF0aW9ulIwIdWdldHRleHSUk5SMEVV0aWxpdHkgY29uZmlybWVklIWUfZSMCGJ1aWx0aW5zlIwDc3RylJOUdJRSlGgCKGgFjGpZb3VyIHV0aWxpdHkgIlPhu6xBIENI4buuQSDEkEnhu4ZOIEPGoCDEkE/DgE4gS+G6vlQiIGhhcyBiZWVuIGFwcHJvdmVkIGFuZCB3aWxsIGJlIGFjdGl2ZSB1bnRpbCAyMDE4LTExLTExlIWUfZRoC3SUUpSMD2FuZ2lhQGFuZ2lhLmNvbZRdlIwOaW5mb0BhbmdpYS50b3CUYXSULg==	gASVAwAAAAAAAAB9lC4=	gASVAwAAAAAAAABLAS4=	2017-11-10 07:23:06.0409+00	2017-11-10 07:23:09.193837+00	t	\N
9063f83459f54828a8f7cf504b358080	enemy-social-saturn-low	django.core.mail.send_mail	\N	gASVIwEAAAAAAAAojBdkamFuZ28udXRpbHMuZnVuY3Rpb25hbJSMFF9sYXp5X3Byb3h5X3VucGlja2xllJOUKIwYZGphbmdvLnV0aWxzLnRyYW5zbGF0aW9ulIwIdWdldHRleHSUk5SMEVV0aWxpdHkgY29uZmlybWVklIWUfZSMCGJ1aWx0aW5zlIwDc3RylJOUdJRSlGgCKGgFjFxZb3VyIGFjY291bnQgaGFzIHVzZWQgMzY2IHBvaW50KHMpIHRvIGFjdGl2ZSB1dGlsaXR5ICJT4busQSBDSOG7rkEgxJBJ4buGTiBDxqAgxJBPw4BOIEvhur5UIpSFlH2UaAt0lFKUjA9hbmdpYUBhbmdpYS5jb22UXZSMDmluZm9AYW5naWEudG9wlGF0lC4=	gASVAwAAAAAAAAB9lC4=	gASVAwAAAAAAAABLAS4=	2017-11-10 07:23:06.044915+00	2017-11-10 07:23:11.434566+00	t	\N
b646068d97fe45818c7e1aed5d327fd1	lithium-pasta-angel-september	django.core.mail.send_mail	\N	gASVKgEAAAAAAAAojBdkamFuZ28udXRpbHMuZnVuY3Rpb25hbJSMFF9sYXp5X3Byb3h5X3VucGlja2xllJOUKIwYZGphbmdvLnV0aWxzLnRyYW5zbGF0aW9ulIwIdWdldHRleHSUk5SMEVV0aWxpdHkgY29uZmlybWVklIWUfZSMCGJ1aWx0aW5zlIwDc3RylJOUdJRSlGgCKGgFjGNZb3VyIHV0aWxpdHkgIkhPQSBTw4BJIEfDkk4gLSBEQVZJRCBOR1VZ4buETiIgaGFzIGJlZW4gYXBwcm92ZWQgYW5kIHdpbGwgYmUgYWN0aXZlIHVudGlsIDIwMTgtMTEtMTGUhZR9lGgLdJRSlIwPYW5naWFAYW5naWEuY29tlF2UjA5pbmZvQGFuZ2lhLnRvcJRhdJQu	gASVAwAAAAAAAAB9lC4=	gASVAwAAAAAAAABLAS4=	2017-11-10 07:34:09.869454+00	2017-11-10 07:34:12.323092+00	t	\N
ee6e65f9b86f480c9caf9ee26dcae05f	burger-moon-freddie-blue	django.core.mail.send_mail	\N	gASVHAEAAAAAAAAojBdkamFuZ28udXRpbHMuZnVuY3Rpb25hbJSMFF9sYXp5X3Byb3h5X3VucGlja2xllJOUKIwYZGphbmdvLnV0aWxzLnRyYW5zbGF0aW9ulIwIdWdldHRleHSUk5SMEVV0aWxpdHkgY29uZmlybWVklIWUfZSMCGJ1aWx0aW5zlIwDc3RylJOUdJRSlGgCKGgFjFVZb3VyIGFjY291bnQgaGFzIHVzZWQgMzY2IHBvaW50KHMpIHRvIGFjdGl2ZSB1dGlsaXR5ICJIT0EgU8OASSBHw5JOIC0gREFWSUQgTkdVWeG7hE4ilIWUfZRoC3SUUpSMD2FuZ2lhQGFuZ2lhLmNvbZRdlIwOaW5mb0BhbmdpYS50b3CUYXSULg==	gASVAwAAAAAAAAB9lC4=	gASVAwAAAAAAAABLAS4=	2017-11-10 07:34:09.873286+00	2017-11-10 07:34:14.749757+00	t	\N
115386b4078a4a998b474c5762aef472	kentucky-hot-sweet-florida	django.core.mail.send_mail	\N	gASVKgEAAAAAAAAojBdkamFuZ28udXRpbHMuZnVuY3Rpb25hbJSMFF9sYXp5X3Byb3h5X3VucGlja2xllJOUKIwYZGphbmdvLnV0aWxzLnRyYW5zbGF0aW9ulIwIdWdldHRleHSUk5SMEVV0aWxpdHkgY29uZmlybWVklIWUfZSMCGJ1aWx0aW5zlIwDc3RylJOUdJRSlGgCKGgFjGNZb3VyIHV0aWxpdHkgIkhPQSBTw4BJIEfDkk4gLSBEQVZJRCBOR1VZ4buETiIgaGFzIGJlZW4gYXBwcm92ZWQgYW5kIHdpbGwgYmUgYWN0aXZlIHVudGlsIDIwMTgtMTEtMTGUhZR9lGgLdJRSlIwPYW5naWFAYW5naWEuY29tlF2UjA5pbmZvQGFuZ2lhLnRvcJRhdJQu	gASVAwAAAAAAAAB9lC4=	gASVAwAAAAAAAABLAS4=	2017-11-10 07:34:09.978964+00	2017-11-10 07:34:17.112702+00	t	\N
45800e925a504adfaa441ca7ac96e82f	happy-november-golf-yellow	django.core.mail.send_mail	\N	gASVHAEAAAAAAAAojBdkamFuZ28udXRpbHMuZnVuY3Rpb25hbJSMFF9sYXp5X3Byb3h5X3VucGlja2xllJOUKIwYZGphbmdvLnV0aWxzLnRyYW5zbGF0aW9ulIwIdWdldHRleHSUk5SMEVV0aWxpdHkgY29uZmlybWVklIWUfZSMCGJ1aWx0aW5zlIwDc3RylJOUdJRSlGgCKGgFjFVZb3VyIGFjY291bnQgaGFzIHVzZWQgMzY2IHBvaW50KHMpIHRvIGFjdGl2ZSB1dGlsaXR5ICJIT0EgU8OASSBHw5JOIC0gREFWSUQgTkdVWeG7hE4ilIWUfZRoC3SUUpSMD2FuZ2lhQGFuZ2lhLmNvbZRdlIwOaW5mb0BhbmdpYS50b3CUYXSULg==	gASVAwAAAAAAAAB9lC4=	gASVAwAAAAAAAABLAS4=	2017-11-10 07:34:09.981364+00	2017-11-10 07:34:19.278797+00	t	\N
6217a49ec3944907b0e9072f8649c039	freddie-bluebird-kilo-early	django.core.mail.send_mail	\N	gASVKgEAAAAAAAAojBdkamFuZ28udXRpbHMuZnVuY3Rpb25hbJSMFF9sYXp5X3Byb3h5X3VucGlja2xllJOUKIwYZGphbmdvLnV0aWxzLnRyYW5zbGF0aW9ulIwIdWdldHRleHSUk5SMEVV0aWxpdHkgY29uZmlybWVklIWUfZSMCGJ1aWx0aW5zlIwDc3RylJOUdJRSlGgCKGgFjGNZb3VyIHV0aWxpdHkgIkhPQSBTw4BJIEfDkk4gLSBEQVZJRCBOR1VZ4buETiIgaGFzIGJlZW4gYXBwcm92ZWQgYW5kIHdpbGwgYmUgYWN0aXZlIHVudGlsIDIwMTgtMTEtMTGUhZR9lGgLdJRSlIwPYW5naWFAYW5naWEuY29tlF2UjA5pbmZvQGFuZ2lhLnRvcJRhdJQu	gASVAwAAAAAAAAB9lC4=	gASVAwAAAAAAAABLAS4=	2017-11-10 07:34:11.202706+00	2017-11-10 07:34:21.61757+00	t	\N
134027ecfd954a6284d20a2cc5525456	neptune-equal-kentucky-muppet	django.core.mail.send_mail	\N	gASVHAEAAAAAAAAojBdkamFuZ28udXRpbHMuZnVuY3Rpb25hbJSMFF9sYXp5X3Byb3h5X3VucGlja2xllJOUKIwYZGphbmdvLnV0aWxzLnRyYW5zbGF0aW9ulIwIdWdldHRleHSUk5SMEVV0aWxpdHkgY29uZmlybWVklIWUfZSMCGJ1aWx0aW5zlIwDc3RylJOUdJRSlGgCKGgFjFVZb3VyIGFjY291bnQgaGFzIHVzZWQgMzY2IHBvaW50KHMpIHRvIGFjdGl2ZSB1dGlsaXR5ICJIT0EgU8OASSBHw5JOIC0gREFWSUQgTkdVWeG7hE4ilIWUfZRoC3SUUpSMD2FuZ2lhQGFuZ2lhLmNvbZRdlIwOaW5mb0BhbmdpYS50b3CUYXSULg==	gASVAwAAAAAAAAB9lC4=	gASVAwAAAAAAAABLAS4=	2017-11-10 07:34:11.204472+00	2017-11-10 07:34:23.928935+00	t	\N
94c87558989d4439b49ea8ea828d63e6	kilo-leopard-item-mike	django.core.mail.send_mail	\N	gASVKgEAAAAAAAAojBdkamFuZ28udXRpbHMuZnVuY3Rpb25hbJSMFF9sYXp5X3Byb3h5X3VucGlja2xllJOUKIwYZGphbmdvLnV0aWxzLnRyYW5zbGF0aW9ulIwIdWdldHRleHSUk5SMEVV0aWxpdHkgY29uZmlybWVklIWUfZSMCGJ1aWx0aW5zlIwDc3RylJOUdJRSlGgCKGgFjGNZb3VyIHV0aWxpdHkgIkhPQSBTw4BJIEfDkk4gLSBEQVZJRCBOR1VZ4buETiIgaGFzIGJlZW4gYXBwcm92ZWQgYW5kIHdpbGwgYmUgYWN0aXZlIHVudGlsIDIwMTgtMTEtMTGUhZR9lGgLdJRSlIwPYW5naWFAYW5naWEuY29tlF2UjA5pbmZvQGFuZ2lhLnRvcJRhdJQu	gASVAwAAAAAAAAB9lC4=	gASVAwAAAAAAAABLAS4=	2017-11-10 07:34:39.746552+00	2017-11-10 07:34:42.048462+00	t	\N
a082c2b0a0cd490d8446a1d2610bb99d	friend-cold-pluto-foxtrot	django.core.mail.send_mail	\N	gASVHAEAAAAAAAAojBdkamFuZ28udXRpbHMuZnVuY3Rpb25hbJSMFF9sYXp5X3Byb3h5X3VucGlja2xllJOUKIwYZGphbmdvLnV0aWxzLnRyYW5zbGF0aW9ulIwIdWdldHRleHSUk5SMEVV0aWxpdHkgY29uZmlybWVklIWUfZSMCGJ1aWx0aW5zlIwDc3RylJOUdJRSlGgCKGgFjFVZb3VyIGFjY291bnQgaGFzIHVzZWQgMzY2IHBvaW50KHMpIHRvIGFjdGl2ZSB1dGlsaXR5ICJIT0EgU8OASSBHw5JOIC0gREFWSUQgTkdVWeG7hE4ilIWUfZRoC3SUUpSMD2FuZ2lhQGFuZ2lhLmNvbZRdlIwOaW5mb0BhbmdpYS50b3CUYXSULg==	gASVAwAAAAAAAAB9lC4=	gASVAwAAAAAAAABLAS4=	2017-11-10 07:34:39.75028+00	2017-11-10 07:34:44.329413+00	t	\N
7eacac0da44342048798c2078ce342eb	kitten-october-ten-single	django.core.mail.send_mail	\N	gASVFgEAAAAAAAAojBdkamFuZ28udXRpbHMuZnVuY3Rpb25hbJSMFF9sYXp5X3Byb3h5X3VucGlja2xllJOUKIwYZGphbmdvLnV0aWxzLnRyYW5zbGF0aW9ulIwIdWdldHRleHSUk5SMEVV0aWxpdHkgY29uZmlybWVklIWUfZSMCGJ1aWx0aW5zlIwDc3RylJOUdJRSlGgCKGgFjE9Zb3VyIHV0aWxpdHkgIkJLIC0gU1BPUlQiIGhhcyBiZWVuIGFwcHJvdmVkIGFuZCB3aWxsIGJlIGFjdGl2ZSB1bnRpbCAyMDE4LTExLTExlIWUfZRoC3SUUpSMD2FuZ2lhQGFuZ2lhLmNvbZRdlIwOaW5mb0BhbmdpYS50b3CUYXSULg==	gASVAwAAAAAAAAB9lC4=	gASVAwAAAAAAAABLAS4=	2017-11-10 07:43:13.451699+00	2017-11-10 07:43:15.797953+00	t	\N
19ab88fb5c234fbba8b9c4ac51c7f2cd	september-minnesota-lima-oven	django.core.mail.send_mail	\N	gASVCAEAAAAAAAAojBdkamFuZ28udXRpbHMuZnVuY3Rpb25hbJSMFF9sYXp5X3Byb3h5X3VucGlja2xllJOUKIwYZGphbmdvLnV0aWxzLnRyYW5zbGF0aW9ulIwIdWdldHRleHSUk5SMEVV0aWxpdHkgY29uZmlybWVklIWUfZSMCGJ1aWx0aW5zlIwDc3RylJOUdJRSlGgCKGgFjEFZb3VyIGFjY291bnQgaGFzIHVzZWQgMzY2IHBvaW50KHMpIHRvIGFjdGl2ZSB1dGlsaXR5ICJCSyAtIFNQT1JUIpSFlH2UaAt0lFKUjA9hbmdpYUBhbmdpYS5jb22UXZSMDmluZm9AYW5naWEudG9wlGF0lC4=	gASVAwAAAAAAAAB9lC4=	gASVAwAAAAAAAABLAS4=	2017-11-10 07:43:13.458873+00	2017-11-10 07:43:18.17975+00	t	\N
1acf0129e55e426da114386b5eee53ae	yellow-mountain-undress-fourteen	django.core.mail.send_mail	\N	gASVFgEAAAAAAAAojBdkamFuZ28udXRpbHMuZnVuY3Rpb25hbJSMFF9sYXp5X3Byb3h5X3VucGlja2xllJOUKIwYZGphbmdvLnV0aWxzLnRyYW5zbGF0aW9ulIwIdWdldHRleHSUk5SMEVV0aWxpdHkgY29uZmlybWVklIWUfZSMCGJ1aWx0aW5zlIwDc3RylJOUdJRSlGgCKGgFjE9Zb3VyIHV0aWxpdHkgIkJLIC0gU1BPUlQiIGhhcyBiZWVuIGFwcHJvdmVkIGFuZCB3aWxsIGJlIGFjdGl2ZSB1bnRpbCAyMDE4LTExLTExlIWUfZRoC3SUUpSMD2FuZ2lhQGFuZ2lhLmNvbZRdlIwOaW5mb0BhbmdpYS50b3CUYXSULg==	gASVAwAAAAAAAAB9lC4=	gASVAwAAAAAAAABLAS4=	2017-11-10 07:43:13.499785+00	2017-11-10 07:43:20.79458+00	t	\N
2c031a4e51934d44ac2942b3fb2b228e	lithium-snake-lactose-london	django.core.mail.send_mail	\N	gASVCAEAAAAAAAAojBdkamFuZ28udXRpbHMuZnVuY3Rpb25hbJSMFF9sYXp5X3Byb3h5X3VucGlja2xllJOUKIwYZGphbmdvLnV0aWxzLnRyYW5zbGF0aW9ulIwIdWdldHRleHSUk5SMEVV0aWxpdHkgY29uZmlybWVklIWUfZSMCGJ1aWx0aW5zlIwDc3RylJOUdJRSlGgCKGgFjEFZb3VyIGFjY291bnQgaGFzIHVzZWQgMzY2IHBvaW50KHMpIHRvIGFjdGl2ZSB1dGlsaXR5ICJCSyAtIFNQT1JUIpSFlH2UaAt0lFKUjA9hbmdpYUBhbmdpYS5jb22UXZSMDmluZm9AYW5naWEudG9wlGF0lC4=	gASVAwAAAAAAAAB9lC4=	gASVAwAAAAAAAABLAS4=	2017-11-10 07:43:13.502272+00	2017-11-10 07:43:23.149715+00	t	\N
52f5d884d3aa451ebbcf89129abce9b7	xray-carpet-violet-leopard	django.core.mail.send_mail	\N	gASVFwEAAAAAAAAojBdkamFuZ28udXRpbHMuZnVuY3Rpb25hbJSMFF9sYXp5X3Byb3h5X3VucGlja2xllJOUKIwYZGphbmdvLnV0aWxzLnRyYW5zbGF0aW9ulIwIdWdldHRleHSUk5SMEVV0aWxpdHkgY29uZmlybWVklIWUfZSMCGJ1aWx0aW5zlIwDc3RylJOUdJRSlGgCKGgFjFBZb3VyIHV0aWxpdHkgIkhBQ0hJIEhBQ0hJIiBoYXMgYmVlbiBhcHByb3ZlZCBhbmQgd2lsbCBiZSBhY3RpdmUgdW50aWwgMjAxOC0xMS0xMpSFlH2UaAt0lFKUjA9hbmdpYUBhbmdpYS5jb22UXZSMDmluZm9AYW5naWEudG9wlGF0lC4=	gASVAwAAAAAAAAB9lC4=	gASVAwAAAAAAAABLAS4=	2017-11-11 08:15:23.15455+00	2017-11-11 08:15:26.376212+00	t	\N
36d69f1bb08d4f6b8195fcca060a1460	indigo-bluebird-carpet-leopard	django.core.mail.send_mail	\N	gASVCQEAAAAAAAAojBdkamFuZ28udXRpbHMuZnVuY3Rpb25hbJSMFF9sYXp5X3Byb3h5X3VucGlja2xllJOUKIwYZGphbmdvLnV0aWxzLnRyYW5zbGF0aW9ulIwIdWdldHRleHSUk5SMEVV0aWxpdHkgY29uZmlybWVklIWUfZSMCGJ1aWx0aW5zlIwDc3RylJOUdJRSlGgCKGgFjEJZb3VyIGFjY291bnQgaGFzIHVzZWQgMzY2IHBvaW50KHMpIHRvIGFjdGl2ZSB1dGlsaXR5ICJIQUNISSBIQUNISSKUhZR9lGgLdJRSlIwPYW5naWFAYW5naWEuY29tlF2UjA5pbmZvQGFuZ2lhLnRvcJRhdJQu	gASVAwAAAAAAAAB9lC4=	gASVAwAAAAAAAABLAS4=	2017-11-11 08:15:23.158656+00	2017-11-11 08:15:28.609226+00	t	\N
4aab7b0eb54e4a708501cc1fa9944539	mountain-september-grey-failed	django.core.mail.send_mail	\N	gASVIQEAAAAAAAAojBdkamFuZ28udXRpbHMuZnVuY3Rpb25hbJSMFF9sYXp5X3Byb3h5X3VucGlja2xllJOUKIwYZGphbmdvLnV0aWxzLnRyYW5zbGF0aW9ulIwIdWdldHRleHSUk5SMEVV0aWxpdHkgY29uZmlybWVklIWUfZSMCGJ1aWx0aW5zlIwDc3RylJOUdJRSlGgCKGgFjFpZb3VyIHV0aWxpdHkgIlhJw4pOIFFVRSBOxq/hu5pORyBGMiIgaGFzIGJlZW4gYXBwcm92ZWQgYW5kIHdpbGwgYmUgYWN0aXZlIHVudGlsIDIwMTgtMTEtMTKUhZR9lGgLdJRSlIwPYW5naWFAYW5naWEuY29tlF2UjA5pbmZvQGFuZ2lhLnRvcJRhdJQu	gASVAwAAAAAAAAB9lC4=	gASVAwAAAAAAAABLAS4=	2017-11-11 09:37:00.95405+00	2017-11-11 09:37:03.923102+00	t	\N
b3974995c3604ad48d0f377ab800f9dd	wisconsin-eleven-south-nineteen	django.core.mail.send_mail	\N	gASVEwEAAAAAAAAojBdkamFuZ28udXRpbHMuZnVuY3Rpb25hbJSMFF9sYXp5X3Byb3h5X3VucGlja2xllJOUKIwYZGphbmdvLnV0aWxzLnRyYW5zbGF0aW9ulIwIdWdldHRleHSUk5SMEVV0aWxpdHkgY29uZmlybWVklIWUfZSMCGJ1aWx0aW5zlIwDc3RylJOUdJRSlGgCKGgFjExZb3VyIGFjY291bnQgaGFzIHVzZWQgMzY2IHBvaW50KHMpIHRvIGFjdGl2ZSB1dGlsaXR5ICJYScOKTiBRVUUgTsav4buaTkcgRjIilIWUfZRoC3SUUpSMD2FuZ2lhQGFuZ2lhLmNvbZRdlIwOaW5mb0BhbmdpYS50b3CUYXSULg==	gASVAwAAAAAAAAB9lC4=	gASVAwAAAAAAAABLAS4=	2017-11-11 09:37:00.957989+00	2017-11-11 09:37:06.229595+00	t	\N
44d68fc0dbe74d93b6396815402c23a6	texas-twelve-west-utah	django.core.mail.send_mail	\N	gASVFwEAAAAAAAAojBdkamFuZ28udXRpbHMuZnVuY3Rpb25hbJSMFF9sYXp5X3Byb3h5X3VucGlja2xllJOUKIwYZGphbmdvLnV0aWxzLnRyYW5zbGF0aW9ulIwIdWdldHRleHSUk5SMEVV0aWxpdHkgY29uZmlybWVklIWUfZSMCGJ1aWx0aW5zlIwDc3RylJOUdJRSlGgCKGgFjFBZb3VyIHV0aWxpdHkgInhlIDA0IGNo4buXIiBoYXMgYmVlbiBhcHByb3ZlZCBhbmQgd2lsbCBiZSBhY3RpdmUgdW50aWwgMjAxOC0xMS0xMpSFlH2UaAt0lFKUjA9hbmdpYUBhbmdpYS5jb22UXZSMDmluZm9AYW5naWEudG9wlGF0lC4=	gASVAwAAAAAAAAB9lC4=	gASVAwAAAAAAAABLAS4=	2017-11-11 10:48:23.214091+00	2017-11-11 10:48:26.232612+00	t	\N
f01ae4b584f548e8a491642aa70a51e8	robin-speaker-lithium-berlin	django.core.mail.send_mail	\N	gASVCQEAAAAAAAAojBdkamFuZ28udXRpbHMuZnVuY3Rpb25hbJSMFF9sYXp5X3Byb3h5X3VucGlja2xllJOUKIwYZGphbmdvLnV0aWxzLnRyYW5zbGF0aW9ulIwIdWdldHRleHSUk5SMEVV0aWxpdHkgY29uZmlybWVklIWUfZSMCGJ1aWx0aW5zlIwDc3RylJOUdJRSlGgCKGgFjEJZb3VyIGFjY291bnQgaGFzIHVzZWQgMzY2IHBvaW50KHMpIHRvIGFjdGl2ZSB1dGlsaXR5ICJ4ZSAwNCBjaOG7lyKUhZR9lGgLdJRSlIwPYW5naWFAYW5naWEuY29tlF2UjA5pbmZvQGFuZ2lhLnRvcJRhdJQu	gASVAwAAAAAAAAB9lC4=	gASVAwAAAAAAAABLAS4=	2017-11-11 10:48:23.217636+00	2017-11-11 10:48:28.524656+00	t	\N
ed62970972b748288c919a60d4cb2186	bakerloo-orange-uniform-red	django.core.mail.send_mail	\N	gASVJQEAAAAAAAAojBdkamFuZ28udXRpbHMuZnVuY3Rpb25hbJSMFF9sYXp5X3Byb3h5X3VucGlja2xllJOUKIwYZGphbmdvLnV0aWxzLnRyYW5zbGF0aW9ulIwIdWdldHRleHSUk5SMEVV0aWxpdHkgY29uZmlybWVklIWUfZSMCGJ1aWx0aW5zlIwDc3RylJOUdJRSlGgCKGgFjF5Zb3VyIHV0aWxpdHkgIsSQ4buTIFRow6FpIE5ndXnhu4VuIExpbmgiIGhhcyBiZWVuIGFwcHJvdmVkIGFuZCB3aWxsIGJlIGFjdGl2ZSB1bnRpbCAyMDE4LTExLTIwlIWUfZRoC3SUUpSMD2FuZ2lhQGFuZ2lhLmNvbZRdlIwOaW5mb0BhbmdpYS50b3CUYXSULg==	gASVAwAAAAAAAAB9lC4=	gASVAwAAAAAAAABLAS4=	2017-11-19 13:04:39.441441+00	2017-11-19 13:04:42.51644+00	t	\N
eef0d2c8dc7842578eb6e02b9f1b05e9	alpha-pluto-whiskey-item	django.core.mail.send_mail	\N	gASVFwEAAAAAAAAojBdkamFuZ28udXRpbHMuZnVuY3Rpb25hbJSMFF9sYXp5X3Byb3h5X3VucGlja2xllJOUKIwYZGphbmdvLnV0aWxzLnRyYW5zbGF0aW9ulIwIdWdldHRleHSUk5SMEVV0aWxpdHkgY29uZmlybWVklIWUfZSMCGJ1aWx0aW5zlIwDc3RylJOUdJRSlGgCKGgFjFBZb3VyIGFjY291bnQgaGFzIHVzZWQgMzY2IHBvaW50KHMpIHRvIGFjdGl2ZSB1dGlsaXR5ICLEkOG7kyBUaMOhaSBOZ3V54buFbiBMaW5oIpSFlH2UaAt0lFKUjA9hbmdpYUBhbmdpYS5jb22UXZSMDmluZm9AYW5naWEudG9wlGF0lC4=	gASVAwAAAAAAAAB9lC4=	gASVAwAAAAAAAABLAS4=	2017-11-19 13:04:39.450479+00	2017-11-19 13:04:44.735293+00	t	\N
555cf11ad8294385b5b1e6d01e7ab1ef	twelve-earth-delta-edward	django.core.mail.send_mail	\N	gASVFQEAAAAAAAAojBdkamFuZ28udXRpbHMuZnVuY3Rpb25hbJSMFF9sYXp5X3Byb3h5X3VucGlja2xllJOUKIwYZGphbmdvLnV0aWxzLnRyYW5zbGF0aW9ulIwIdWdldHRleHSUk5SMEVV0aWxpdHkgY29uZmlybWVklIWUfZSMCGJ1aWx0aW5zlIwDc3RylJOUdJRSlGgCKGgFjE5Zb3VyIHV0aWxpdHkgIkPGoW0gR1JBQiIgaGFzIGJlZW4gYXBwcm92ZWQgYW5kIHdpbGwgYmUgYWN0aXZlIHVudGlsIDIwMjAtMTEtMjCUhZR9lGgLdJRSlIwPYW5naWFAYW5naWEuY29tlF2UjA5pbmZvQGFuZ2lhLnRvcJRhdJQu	gASVAwAAAAAAAAB9lC4=	gASVAwAAAAAAAABLAS4=	2017-11-19 13:28:18.213653+00	2017-11-19 13:28:20.842629+00	t	\N
21bb8e37fd9c471eb066aa377cf269aa	cat-east-football-fourteen	django.core.mail.send_mail	\N	gASVCAEAAAAAAAAojBdkamFuZ28udXRpbHMuZnVuY3Rpb25hbJSMFF9sYXp5X3Byb3h5X3VucGlja2xllJOUKIwYZGphbmdvLnV0aWxzLnRyYW5zbGF0aW9ulIwIdWdldHRleHSUk5SMEVV0aWxpdHkgY29uZmlybWVklIWUfZSMCGJ1aWx0aW5zlIwDc3RylJOUdJRSlGgCKGgFjEFZb3VyIGFjY291bnQgaGFzIHVzZWQgMTA5NyBwb2ludChzKSB0byBhY3RpdmUgdXRpbGl0eSAiQ8ahbSBHUkFCIpSFlH2UaAt0lFKUjA9hbmdpYUBhbmdpYS5jb22UXZSMDmluZm9AYW5naWEudG9wlGF0lC4=	gASVAwAAAAAAAAB9lC4=	gASVAwAAAAAAAABLAS4=	2017-11-19 13:28:18.21745+00	2017-11-19 13:28:23.036726+00	t	\N
9d148b8aa6e54b5086f284a7e68d27cb	mexico-hamper-grey-may	django.core.mail.send_mail	\N	gASVLwEAAAAAAAAojBdkamFuZ28udXRpbHMuZnVuY3Rpb25hbJSMFF9sYXp5X3Byb3h5X3VucGlja2xllJOUKIwYZGphbmdvLnV0aWxzLnRyYW5zbGF0aW9ulIwIdWdldHRleHSUk5SMEVV0aWxpdHkgY29uZmlybWVklIWUfZSMCGJ1aWx0aW5zlIwDc3RylJOUdJRSlGgCKGgFjGhZb3VyIHV0aWxpdHkgIkN0eSBUTkhIIFF14bqjbmcgQ8OhbyBWxrDGoW5nIFBow6F0IiBoYXMgYmVlbiBhcHByb3ZlZCBhbmQgd2lsbCBiZSBhY3RpdmUgdW50aWwgMjAyMC0xMi0zMZSFlH2UaAt0lFKUjA9hbmdpYUBhbmdpYS5jb22UXZSMDmluZm9AYW5naWEudG9wlGF0lC4=	gASVAwAAAAAAAAB9lC4=	gASVAwAAAAAAAABLAS4=	2017-11-19 14:38:25.050002+00	2017-11-19 14:38:27.796752+00	t	\N
17c3bf8689e344f588f26d15d58140fb	victor-tennessee-alanine-violet	django.core.mail.send_mail	\N	gASVIgEAAAAAAAAojBdkamFuZ28udXRpbHMuZnVuY3Rpb25hbJSMFF9sYXp5X3Byb3h5X3VucGlja2xllJOUKIwYZGphbmdvLnV0aWxzLnRyYW5zbGF0aW9ulIwIdWdldHRleHSUk5SMEVV0aWxpdHkgY29uZmlybWVklIWUfZSMCGJ1aWx0aW5zlIwDc3RylJOUdJRSlGgCKGgFjFtZb3VyIGFjY291bnQgaGFzIHVzZWQgMTEzOCBwb2ludChzKSB0byBhY3RpdmUgdXRpbGl0eSAiQ3R5IFROSEggUXXhuqNuZyBDw6FvIFbGsMahbmcgUGjDoXQilIWUfZRoC3SUUpSMD2FuZ2lhQGFuZ2lhLmNvbZRdlIwOaW5mb0BhbmdpYS50b3CUYXSULg==	gASVAwAAAAAAAAB9lC4=	gASVAwAAAAAAAABLAS4=	2017-11-19 14:38:25.053728+00	2017-11-19 14:38:29.959115+00	t	\N
b965edee92f6496c821783f474306000	three-failed-twelve-ceiling	django.core.mail.send_mail	\N	gASVGwEAAAAAAAAojBdkamFuZ28udXRpbHMuZnVuY3Rpb25hbJSMFF9sYXp5X3Byb3h5X3VucGlja2xllJOUKIwYZGphbmdvLnV0aWxzLnRyYW5zbGF0aW9ulIwIdWdldHRleHSUk5SMEVV0aWxpdHkgY29uZmlybWVklIWUfZSMCGJ1aWx0aW5zlIwDc3RylJOUdJRSlGgCKGgFjFRZb3VyIHV0aWxpdHkgIkPDgCBQSMOKIE1JTEFOTyIgaGFzIGJlZW4gYXBwcm92ZWQgYW5kIHdpbGwgYmUgYWN0aXZlIHVudGlsIDIwMTctMTItMzCUhZR9lGgLdJRSlIwPYW5naWFAYW5naWEuY29tlF2UjA5pbmZvQGFuZ2lhLnRvcJRhdJQu	gASVAwAAAAAAAAB9lC4=	gASVAwAAAAAAAABLAS4=	2017-11-19 15:06:09.874676+00	2017-11-19 15:06:12.440201+00	t	\N
4dfc817b6cc34beeaf1cd72930311257	football-artist-fourteen-fillet	django.core.mail.send_mail	\N	gASVDAEAAAAAAAAojBdkamFuZ28udXRpbHMuZnVuY3Rpb25hbJSMFF9sYXp5X3Byb3h5X3VucGlja2xllJOUKIwYZGphbmdvLnV0aWxzLnRyYW5zbGF0aW9ulIwIdWdldHRleHSUk5SMEVV0aWxpdHkgY29uZmlybWVklIWUfZSMCGJ1aWx0aW5zlIwDc3RylJOUdJRSlGgCKGgFjEVZb3VyIGFjY291bnQgaGFzIHVzZWQgNDEgcG9pbnQocykgdG8gYWN0aXZlIHV0aWxpdHkgIkPDgCBQSMOKIE1JTEFOTyKUhZR9lGgLdJRSlIwPYW5naWFAYW5naWEuY29tlF2UjA5pbmZvQGFuZ2lhLnRvcJRhdJQu	gASVAwAAAAAAAAB9lC4=	gASVAwAAAAAAAABLAS4=	2017-11-19 15:06:09.878324+00	2017-11-19 15:06:14.616925+00	t	\N
d5ed7e8bef374e2792a3827dc8c136a1	sodium-pluto-solar-north	django.core.mail.send_mail	\N	gASVIQEAAAAAAAAojBdkamFuZ28udXRpbHMuZnVuY3Rpb25hbJSMFF9sYXp5X3Byb3h5X3VucGlja2xllJOUKIwYZGphbmdvLnV0aWxzLnRyYW5zbGF0aW9ulIwIdWdldHRleHSUk5SMEVV0aWxpdHkgY29uZmlybWVklIWUfZSMCGJ1aWx0aW5zlIwDc3RylJOUdJRSlGgCKGgFjFpZb3VyIHV0aWxpdHkgIkLDgU5IIEvhurhPIFRSw4BORyBBTiIgaGFzIGJlZW4gYXBwcm92ZWQgYW5kIHdpbGwgYmUgYWN0aXZlIHVudGlsIDIwMzAtMTItMzCUhZR9lGgLdJRSlIwPYW5naWFAYW5naWEuY29tlF2UjA5pbmZvQGFuZ2lhLnRvcJRhdJQu	gASVAwAAAAAAAAB9lC4=	gASVAwAAAAAAAABLAS4=	2017-11-19 15:43:34.15231+00	2017-11-19 15:43:36.94589+00	t	\N
9abd17d3ac4e461cbc87ab1e42faa042	twenty-red-missouri-harry	django.core.mail.send_mail	\N	gASVFAEAAAAAAAAojBdkamFuZ28udXRpbHMuZnVuY3Rpb25hbJSMFF9sYXp5X3Byb3h5X3VucGlja2xllJOUKIwYZGphbmdvLnV0aWxzLnRyYW5zbGF0aW9ulIwIdWdldHRleHSUk5SMEVV0aWxpdHkgY29uZmlybWVklIWUfZSMCGJ1aWx0aW5zlIwDc3RylJOUdJRSlGgCKGgFjE1Zb3VyIGFjY291bnQgaGFzIHVzZWQgNDc4OSBwb2ludChzKSB0byBhY3RpdmUgdXRpbGl0eSAiQsOBTkggS+G6uE8gVFLDgE5HIEFOIpSFlH2UaAt0lFKUjA9hbmdpYUBhbmdpYS5jb22UXZSMDmluZm9AYW5naWEudG9wlGF0lC4=	gASVAwAAAAAAAAB9lC4=	gASVAwAAAAAAAABLAS4=	2017-11-19 15:43:34.155981+00	2017-11-19 15:43:39.187283+00	t	\N
0d93c8a60304461480007ab84db845bc	virginia-golf-fanta-aspen	django.core.mail.send_mail	\N	gASVHAEAAAAAAAAojBdkamFuZ28udXRpbHMuZnVuY3Rpb25hbJSMFF9sYXp5X3Byb3h5X3VucGlja2xllJOUKIwYZGphbmdvLnV0aWxzLnRyYW5zbGF0aW9ulIwIdWdldHRleHSUk5SMEVV0aWxpdHkgY29uZmlybWVklIWUfZSMCGJ1aWx0aW5zlIwDc3RylJOUdJRSlGgCKGgFjFVZb3VyIHV0aWxpdHkgInhlIG9tIGhvw6BuZyBhbmgiIGhhcyBiZWVuIGFwcHJvdmVkIGFuZCB3aWxsIGJlIGFjdGl2ZSB1bnRpbCAyMDE4LTExLTIwlIWUfZRoC3SUUpSMD2FuZ2lhQGFuZ2lhLmNvbZRdlIwOaW5mb0BhbmdpYS50b3CUYXSULg==	gASVAwAAAAAAAAB9lC4=	gASVAwAAAAAAAABLAS4=	2017-11-19 15:56:36.942548+00	2017-11-19 15:56:39.556815+00	t	\N
05dd52b18dba48e89239ccdaaa6b1b16	eight-nebraska-rugby-social	django.core.mail.send_mail	\N	gASVDgEAAAAAAAAojBdkamFuZ28udXRpbHMuZnVuY3Rpb25hbJSMFF9sYXp5X3Byb3h5X3VucGlja2xllJOUKIwYZGphbmdvLnV0aWxzLnRyYW5zbGF0aW9ulIwIdWdldHRleHSUk5SMEVV0aWxpdHkgY29uZmlybWVklIWUfZSMCGJ1aWx0aW5zlIwDc3RylJOUdJRSlGgCKGgFjEdZb3VyIGFjY291bnQgaGFzIHVzZWQgMzY2IHBvaW50KHMpIHRvIGFjdGl2ZSB1dGlsaXR5ICJ4ZSBvbSBob8OgbmcgYW5oIpSFlH2UaAt0lFKUjA9hbmdpYUBhbmdpYS5jb22UXZSMDmluZm9AYW5naWEudG9wlGF0lC4=	gASVAwAAAAAAAAB9lC4=	gASVAwAAAAAAAABLAS4=	2017-11-19 15:56:36.946164+00	2017-11-19 15:56:41.949716+00	t	\N
3d901c1ab0d2430a80c982e3989bd2dc	papa-comet-cola-august	django.core.mail.send_mail	\N	gASVEwEAAAAAAAAojBdkamFuZ28udXRpbHMuZnVuY3Rpb25hbJSMFF9sYXp5X3Byb3h5X3VucGlja2xllJOUKIwYZGphbmdvLnV0aWxzLnRyYW5zbGF0aW9ulIwIdWdldHRleHSUk5SMEVV0aWxpdHkgY29uZmlybWVklIWUfZSMCGJ1aWx0aW5zlIwDc3RylJOUdJRSlGgCKGgFjExZb3VyIHV0aWxpdHkgIlZJTk1BUlQiIGhhcyBiZWVuIGFwcHJvdmVkIGFuZCB3aWxsIGJlIGFjdGl2ZSB1bnRpbCAyMDIwLTEyLTMwlIWUfZRoC3SUUpSMD2FuZ2lhQGFuZ2lhLmNvbZRdlIwOaW5mb0BhbmdpYS50b3CUYXSULg==	gASVAwAAAAAAAAB9lC4=	gASVAwAAAAAAAABLAS4=	2017-11-19 16:06:48.92749+00	2017-11-19 16:06:51.47802+00	t	\N
36294f7cd3ad4a0e9c823aefeb63c0fc	connecticut-edward-snake-purple	django.core.mail.send_mail	\N	gASVBgEAAAAAAAAojBdkamFuZ28udXRpbHMuZnVuY3Rpb25hbJSMFF9sYXp5X3Byb3h5X3VucGlja2xllJOUKIwYZGphbmdvLnV0aWxzLnRyYW5zbGF0aW9ulIwIdWdldHRleHSUk5SMEVV0aWxpdHkgY29uZmlybWVklIWUfZSMCGJ1aWx0aW5zlIwDc3RylJOUdJRSlGgCKGgFjD9Zb3VyIGFjY291bnQgaGFzIHVzZWQgMTEzNyBwb2ludChzKSB0byBhY3RpdmUgdXRpbGl0eSAiVklOTUFSVCKUhZR9lGgLdJRSlIwPYW5naWFAYW5naWEuY29tlF2UjA5pbmZvQGFuZ2lhLnRvcJRhdJQu	gASVAwAAAAAAAAB9lC4=	gASVAwAAAAAAAABLAS4=	2017-11-19 16:06:48.931015+00	2017-11-19 16:06:53.68371+00	t	\N
57154b5504d54ba2a8666d9b77d54b40	helium-east-east-oven	django.core.mail.send_mail	\N	gASVJQEAAAAAAAAojBdkamFuZ28udXRpbHMuZnVuY3Rpb25hbJSMFF9sYXp5X3Byb3h5X3VucGlja2xllJOUKIwYZGphbmdvLnV0aWxzLnRyYW5zbGF0aW9ulIwIdWdldHRleHSUk5SMEVV0aWxpdHkgY29uZmlybWVklIWUfZSMCGJ1aWx0aW5zlIwDc3RylJOUdJRSlGgCKGgFjFtZb3VyIHV0aWxpdHkgIlLhuqFwIGPGsOG7m2kgVGh1IEPDumMiIGhhcyBiZWVuIGFwcHJvdmVkIGFuZCB3aWxsIGJlIGFjdGl2ZSB1bnRpbCAyMDE3LTEyLTEwlIWUfZRoC3SUUpSMD2FuZ2lhQGFuZ2lhLmNvbZRdlIwRcXU0bmdjb0BnbWFpbC5jb22UYXSULg==	gASVAwAAAAAAAAB9lC4=	gASVAwAAAAAAAABLAS4=	2017-11-30 10:34:12.03158+00	2017-11-30 10:34:15.404635+00	t	\N
e4203f2efbc34ec3a4e4814ab7e8eb4f	stream-quebec-minnesota-xray	django.core.mail.send_mail	\N	gASVAAEAAAAAAAAojBdkamFuZ28udXRpbHMuZnVuY3Rpb25hbJSMFF9sYXp5X3Byb3h5X3VucGlja2xllJOUKIwYZGphbmdvLnV0aWxzLnRyYW5zbGF0aW9ulIwIdWdldHRleHSUk5SMEVV0aWxpdHkgY29uZmlybWVklIWUfZSMCGJ1aWx0aW5zlIwDc3RylJOUdJRSlGgCKGgFjElZb3VyIHV0aWxpdHkgInpvem8iIGhhcyBiZWVuIGFwcHJvdmVkIGFuZCB3aWxsIGJlIGFjdGl2ZSB1bnRpbCAyMDE4LTEyLTAxlIWUfZRoC3SUUpSMD2FuZ2lhQGFuZ2lhLmNvbZRdlE5hdJQu	gASVAwAAAAAAAAB9lC4=	gASVAwAAAAAAAABLAC4=	2017-11-30 12:57:07.264713+00	2017-11-30 12:57:07.268412+00	t	\N
\.


--
-- Name: django_q_task_id_seq; Type: SEQUENCE SET; Schema: public; Owner: postgres
--

SELECT pg_catalog.setval('django_q_task_id_seq', 1, false);


--
-- Data for Name: nationcode; Type: TABLE DATA; Schema: public; Owner: postgres
--

COPY nationcode (id, created_date, modified_date, modified_by, created_by, name, nation_code, country_name, country_code) FROM stdin;
1	2017-08-18 13:16:21.44372+00	2017-08-18 13:16:29.822676+00	2	2	Vietnam	84	Vietnam	VN
2	2017-08-18 13:16:53.297216+00	2017-08-19 08:04:26.668913+00	2	2	Thailand	66	Thailand	TH
\.


--
-- Name: nationcode_id_seq; Type: SEQUENCE SET; Schema: public; Owner: postgres
--

SELECT pg_catalog.setval('nationcode_id_seq', 2, true);


--
-- Data for Name: service; Type: TABLE DATA; Schema: public; Owner: postgres
--

COPY service (id, created_date, modified_date, modified_by, created_by, name, icon, parent_id) FROM stdin;
1	2017-10-24 13:31:14.481015+00	2017-10-24 13:31:19.953455+00	2	2	Vn chuyn	z	\N
2	2017-10-24 13:31:28.609992+00	2017-10-24 13:31:28.61002+00	2	2	Gi xe	z	\N
3	2017-10-24 13:31:40.700273+00	2017-10-24 13:31:40.7003+00	2	2	i chung	z	\N
4	2017-10-24 13:32:11.114232+00	2017-10-24 13:32:11.114258+00	2	2	Xe my	z	3
\.


--
-- Name: service_id_seq; Type: SEQUENCE SET; Schema: public; Owner: postgres
--

SELECT pg_catalog.setval('service_id_seq', 4, true);


--
-- Data for Name: spatial_ref_sys; Type: TABLE DATA; Schema: public; Owner: postgres
--

COPY spatial_ref_sys  FROM stdin;
\.


--
-- Data for Name: territory; Type: TABLE DATA; Schema: public; Owner: postgres
--

COPY territory (id, created_date, modified_date, modified_by, created_by, name, parent_id) FROM stdin;
2	2017-09-12 20:27:20.644423+00	2017-09-12 20:27:20.64445+00	2	2	deprecated	\N
3	2017-10-01 16:51:24.137449+00	2017-10-01 16:51:24.137475+00	22	22	deprecated	\N
4	2017-10-02 01:21:50.692033+00	2017-10-02 01:21:50.692058+00	23	23	deprecated	\N
1	2017-08-28 08:00:31.775366+00	2017-10-20 13:51:45.888232+00	2	3	deprecated	\N
6	2017-10-23 09:08:19.66274+00	2017-10-29 13:52:54.177296+00	2	5	Thailand	\N
7	2017-10-24 16:25:57.882141+00	2017-10-29 14:04:02.437838+00	2	23	Vit Nam	\N
8	2017-10-24 16:26:23.668339+00	2017-10-29 14:04:30.343167+00	2	23	Thnh Ph H Ch Minh	7
9	2017-10-29 14:04:57.502525+00	2017-10-29 14:04:57.502551+00	2	2	Thnh Ph H Ni	7
5	2017-10-09 03:57:20.470832+00	2017-11-06 15:49:27.893014+00	2	2	Vietnam	\N
\.


--
-- Name: territory_id_seq; Type: SEQUENCE SET; Schema: public; Owner: postgres
--

SELECT pg_catalog.setval('territory_id_seq', 9, true);


--
-- Data for Name: user; Type: TABLE DATA; Schema: public; Owner: postgres
--

COPY "user" (password, last_login, id, created_date, modified_date, modified_by, created_by, name, phone, avatar, email, address, latitude, longitude, point, is_email_confirmed, birthdate, nation_code, is_staff, is_active, is_superuser, rating, phone_number, role_id) FROM stdin;
pbkdf2_sha256$36000$bh8OENTWPu8W$jPf1SvgdDL0OzWK3YV12ImaXnzRIRuoq+FQiXCfLpBQ=	\N	58	2017-11-11 10:18:41.770515+00	2017-11-11 10:18:41.770536+00	\N	\N	Nguyn Hu	+84909789789		\N		\N	\N	0	f	\N	84	f	t	f	5	909789789	\N
pbkdf2_sha256$36000$3U2BjYhPgcWT$n+c3NIj/NK2g9YYj0hJ3/NgmfJCLfaPYZFJzYgtXr+s=	\N	62	2017-11-17 15:39:08.09184+00	2017-11-17 15:39:11.147296+00	62	\N	V Th Vit	+84984567405		\N		20.945720	105.753160	0	f	\N	84	f	t	f	5	984567405	\N
pbkdf2_sha256$36000$2dMasWofGGGE$coLGOiGxfj1ABwQN2WUIucFfxZyuYUM3xJ2GYZuP4Xo=	\N	68	2017-11-30 12:00:29.233492+00	2017-11-30 12:00:33.543326+00	68	\N	Nguyn c Thng	+84977140794		\N		21.070110	105.777630	0	f	\N	84	f	t	f	5	977140794	\N
pbkdf2_sha256$36000$0Qbe0SUoeaHB$vcE04qVmX2hsgMsZdqDXoTlghNY3PYyi1jiXx3n8L4U=	\N	5	2017-08-20 05:20:09.895349+00	2017-12-02 02:16:43.015436+00	5	\N	quang vn	+841687261216		quangpham@d8ii.com		18.666820	105.680170	38	f	\N	84	f	t	f	4.5	1687261216	\N
pbkdf2_sha256$36000$3Ao8tpRBKz1S$4I5RkCYA86uLlvEPzd1XC/tOxssrquXOpgL0vc9q7NE=	\N	64	2017-11-22 08:51:46.600532+00	2017-11-26 04:25:44.978212+00	64	\N	Tam	+84903869911		\N		10.831580	106.726070	0	f	\N	84	f	t	f	5	903869911	\N
pbkdf2_sha256$36000$SGzmfAKK1SgG$piwAgDI98AULYmWMYasc9Z08fga/fjdG/yb3SOHfPvE=	\N	70	2017-12-03 05:39:45.185917+00	2017-12-03 05:40:00.104889+00	70	\N	sng vn xn	+84986005597		\N		21.065830	105.764730	0	f	\N	84	f	t	f	5	986005597	\N
pbkdf2_sha256$36000$GoWyYJi9zoaE$2CFB+uQstgkQ8frTFJXHsi3l76GqDTZGlaKPCsBa40E=	\N	60	2017-11-17 08:53:13.27092+00	2017-12-05 01:34:20.91052+00	60	\N	Nguyn Linh	+84975122833	http://angia.s3.amazonaws.com/user/2c2c5c81-31d6-4317-af18-0a3e58108677.jpg	\N		21.089800	105.791060	100000	f	\N	84	f	t	f	5	975122833	\N
pbkdf2_sha256$36000$BGsqsy9WofnN$6ZwI2DBubKaeCamHdQKi19USZ9jlyKIR4XVv2+3x5Cw=	\N	66	2017-11-28 12:55:52.502661+00	2017-11-29 02:49:28.123907+00	66	\N	trn xun tng	+841256773828		\N		10.790490	106.701330	0	f	\N	84	f	t	f	5	1256773828	\N
pbkdf2_sha256$36000$Ggg1xCyURpNg$ViJ75FGDxg0ve+DL3Uwi+LXDVMCPPkFMaYXfz2UMuk8=	\N	2	2017-08-14 09:30:15.786409+00	2017-11-30 10:51:04.914706+00	2	\N	Quang co11	+841692677217	http://angia.s3.amazonaws.com/user/4c303341-fb49-4fdc-ba14-87a27d15bdf5.jpg	qu4ngco@gmail.com	Bangkok, Thailand	18.698020	105.369880	90	f	\N	84	f	t	f	5	1692677217	\N
pbkdf2_sha256$36000$MI4yRyQ3tbkx$xCgY0IGwlJFbRiUePnSQ2Ams9aLf4Z7ygvigyDIS+EI=	\N	12	2017-08-21 06:16:17.498874+00	2017-11-09 18:24:07.515769+00	2	\N	Quan Nguyen	+841679959715		nhquan89@gmail.com		\N	\N	0	f	\N	84	f	t	f	5	1679959715	\N
pbkdf2_sha256$36000$i8Cj6QSNPVX2$H55BKZN8hVYExuk1sNWj1k3XrH5aTbEJVxPWjUvRcUU=	\N	51	2017-11-10 02:20:51.544366+00	2017-11-11 02:09:53.12364+00	23	\N	SA XE TN NHT	+84903615997	http://angia.s3.amazonaws.com/user/566cd698-c825-4089-8f97-8b8688ff0d3e.jpg	+84903615997@angia.top		\N	\N	0	f	\N	84	f	t	f	5	903615997	\N
pbkdf2_sha256$36000$yfB7aVUhDzRu$XbXdbsPiyVPrZjOo0KJw1PITRUlEAKmG1qOuzPvKLBQ=	\N	57	2017-11-11 09:25:36.522271+00	2017-11-11 09:38:55.032169+00	57	\N	XIN QUE NNG F2	+84933661788	http://angia.s3.amazonaws.com/user/1ce4993d-9514-40c9-a112-757c17a2699f.jpg	\N		\N	\N	0	f	\N	84	f	t	f	5	933661788	\N
pbkdf2_sha256$36000$sRtIgDpn98AQ$D3KrxtDOfoY4HhbAKzl2xbDKeG9kw0lsBzFWs0Wrx6I=	\N	67	2017-11-29 16:59:06.172814+00	2017-11-29 16:59:06.172835+00	\N	\N	vu	+84967199758		\N		\N	\N	0	f	\N	84	f	t	f	5	967199758	\N
pbkdf2_sha256$36000$j1SXfMtEZABZ$36pK9NBzRkJWFmnc+4CeXYZoAQjkqCponMmAE/ujAKg=	\N	59	2017-11-14 10:02:06.279847+00	2017-11-14 10:02:06.279868+00	\N	\N	quynh	+84968957676		\N		\N	\N	0	f	\N	84	f	t	f	5	968957676	\N
pbkdf2_sha256$36000$ttPyVu7REnVs$9IIavfKvDLvgDKD7opKRV3moVmE/sOmD3327K08vU+Y=	\N	61	2017-11-17 10:42:41.388185+00	2017-11-24 12:33:18.62278+00	61	\N	Nguyn Thanh Tng	+841643252525		\N		22.161900	105.578010	0	f	\N	84	f	t	f	5	1643252525	\N
pbkdf2_sha256$36000$l5k0c9D78Yuj$9MU7Of7BmFaYDtBIpJtFuQX2+58MseTrus0CA6D0oIc=	\N	39	2017-11-09 10:25:02.801539+00	2017-11-09 18:01:20.452834+00	2	\N	A Trung	+84908811599	http://angia.s3.amazonaws.com/user/38db2261-476d-4f1b-a3b9-47e16ddf886f.jpg	angia.api@gmail.com		\N	\N	0	f	\N	84	f	t	f	5	908811599	\N
pbkdf2_sha256$36000$NxotlCVeO2me$X8X9yxGONC49sENhsOWqspBLGII9Q4puMsRMUhqEyzs=	\N	52	2017-11-10 02:36:06.658874+00	2017-11-11 02:10:22.406961+00	23	\N	CHM SC XE 2H	+84938422423	http://angia.s3.amazonaws.com/user/5ac7e7a3-5989-4540-9772-5514c159da17.jpg	+84938422423@angia.top		\N	\N	0	f	\N	84	f	t	f	5	938422423	\N
pbkdf2_sha256$36000$HLjIm9yyzEF7$6RXj5f9RulzC+k8WGudaJaBlr3uZVWGcVC0bs/KIdck=	\N	65	2017-11-26 14:18:31.502806+00	2017-11-28 05:49:30.123936+00	65	\N	nguyen huu hieu	+841689945947		\N		21.505450	106.351010	0	f	\N	84	f	t	f	5	1689945947	\N
pbkdf2_sha256$36000$znSqA1YvngNM$sBgINynjIx6kPzKMD3SAoB1W4pOtJ1wRjEa3m/YJ2Qg=	\N	53	2017-11-10 06:05:36.314846+00	2017-11-11 02:10:44.403314+00	23	\N	DAVID NGUYN	+84908881818	http://angia.s3.amazonaws.com/user/b75e3158-5a59-476b-a9f0-e1b8a289832d.jpg	+84908881818@angia.top		\N	\N	0	f	\N	84	f	t	f	5	908881818	\N
pbkdf2_sha256$36000$LhceumNIegq2$WKI6vExPIjW+SiQOTbAZ+hqLR9jjaCp50eFXCcCq1yI=	\N	54	2017-11-10 06:49:57.004099+00	2017-11-11 02:11:07.859946+00	23	\N	BK - SPORT	+84937141518	http://angia.s3.amazonaws.com/user/133ba613-c473-41ca-a23b-ee37909c40fd.jpg	+84937141518@angia.top		\N	\N	0	f	\N	84	f	t	f	5	937141518	\N
pbkdf2_sha256$36000$zTFvcR5RDxRY$w0T9m1VlT8J+ukwF7CSN9vLlJ3HR+KwFX8E3GBAd0ic=	\N	56	2017-11-11 07:44:03.128968+00	2017-11-11 08:18:46.060616+00	56	\N	HACHI HACHI	+842835885898	http://angia.s3.amazonaws.com/user/eaf24ae9-f2ec-4225-aba9-8b8848343265.jpg	\N		\N	\N	0	f	\N	84	f	t	f	5	2835885898	\N
pbkdf2_sha256$36000$XLRkvtZlBWAj$mTBUykvt4NTWUbtg08aAyz/K0cPh0FH5+agaVypYG3g=	\N	45	2017-11-09 13:44:45.718112+00	2017-11-09 18:18:41.569894+00	2	\N	Thc Phm Sch VIETGAP	+84932581122	http://angia.s3.amazonaws.com/user/363cd6dd-0cc1-4d87-b990-c9a903a3c463.jpg	a84932581122@angia.top		\N	\N	0	f	\N	84	f	t	f	5	932581122	\N
pbkdf2_sha256$36000$05tLsTc4gPRJ$CdrPEtzxqfp4DcuAW4yYMkzrbvVyInOaf7KvOB9Lv/w=	\N	44	2017-11-09 13:38:32.342497+00	2017-11-09 18:18:51.111815+00	2	\N	Va Go Min Ty Thanh Bnh	+841696575829	http://angia.s3.amazonaws.com/user/1b38b2de-c55c-41e5-8c7e-b4903bb4f61d.jpg	a841696575829@angia.top		\N	\N	0	f	\N	84	f	t	f	5	1696575829	\N
pbkdf2_sha256$36000$0QavNGJAVqKD$XAIAYN+VUQwG9+iElgEaLYg5t2w/rLlu81Bf4jK818Y=	\N	43	2017-11-09 11:48:19.091574+00	2017-11-09 18:19:01.364371+00	2	\N	TIM IN HO BNH	+84908252991	http://angia.s3.amazonaws.com/user/0877cf5b-da61-4195-9d48-fac10372a854.jpg	a84908252991@angia.top		\N	\N	0	f	\N	84	f	t	f	5	908252991	\N
pbkdf2_sha256$36000$2rtYVlSt4BNL$APtZhA9Jl9J3vpoWqTZnZvtlCsBjreEhl0PPwhpOozc=	\N	42	2017-11-09 11:41:27.453247+00	2017-11-09 18:19:11.014286+00	2	\N	B Thui Cao Nguyn 2	+84986352979	http://angia.s3.amazonaws.com/user/ff39f792-f8a7-44ba-887c-b13c101a72bb.jpg	a84986352979@angia.top		\N	\N	0	f	\N	84	f	t	f	5	986352979	\N
pbkdf2_sha256$36000$BtfULKF11Yo3$tfzKs59dhLhyGdCulDHU/1hhFbsp3BzFIzYits1Yv7o=	\N	63	2017-11-19 08:43:35.546212+00	2017-11-19 08:43:42.156171+00	63	\N	Nng Ngc D	+84978745996		\N		20.968560	105.707360	0	f	\N	84	f	t	f	5	978745996	\N
pbkdf2_sha256$36000$mh45ItlL4RTE$7dGe5KpjfBtQalop3gNPkKMP+1zIOf+biBMkcI+pksU=	\N	38	2017-11-09 09:42:16.018785+00	2017-11-09 18:19:29.963472+00	2	\N	SA XE HAI BNH HI	+84907441588	http://angia.s3.amazonaws.com/user/0d266dc6-587d-468f-a32e-d4b6bea84a6e.jpg	a84907441588@angia.top		\N	\N	0	f	\N	84	f	t	f	5	907441588	\N
pbkdf2_sha256$36000$fhk05fTkfSQW$dFQp5BYVxTx8+pTDlPmLzFrPzP3TMQdlQOJk+BW0v7g=	\N	23	2017-09-25 07:39:23.378465+00	2017-11-30 14:41:06.701755+00	23	\N	A Trung	+84975431355	http://angia.s3.amazonaws.com/user/6fca9640-5ed0-4733-be9d-bf40832e1ea5.jpg	info@angia.top		10.845060	106.753770	993	f	\N	84	f	t	f	5	975431355	\N
pbkdf2_sha256$36000$Xqk5e9SYedv7$8J8qqM+2243XERunSwugpAXm9wfRqExWbB36RvVdKA0=	\N	69	2017-11-30 12:38:10.241346+00	2017-11-30 12:51:36.469238+00	69	\N	Con Heo	+84987777777		\N		10.800580	106.650990	634	f	\N	84	f	t	f	5	987777777	\N
pbkdf2_sha256$36000$gOTDEZ0M0gOF$ouMvQ0zJoUnuq/zUJpIBmT6I63dHTaSwnXyBorzUQTc=	\N	55	2017-11-10 07:00:23.264851+00	2017-11-11 02:11:36.349023+00	23	\N	Sa in c on kt	+84908955548	http://angia.s3.amazonaws.com/user/9b4d7cca-664f-4728-87bb-49df30f8096d.jpg	+84908955548@angia.top		\N	\N	0	f	\N	84	f	t	f	5	908955548	\N
pbkdf2_sha256$36000$DrfIo9JaUe3q$P4kCaQxrbB5HQsZiRzDmLY2GLEDmg9RvZ8TT0+tZv5A=	\N	46	2017-11-09 14:43:56.794105+00	2017-12-03 11:50:49.013625+00	46	\N	SN  NGUYN LIMOUSINE	+84913439517	http://angia.s3.amazonaws.com/user/03667795-1965-4ceb-b7db-543b1925bcdc.jpg	a84913439517@angia.top		10.845060	106.753770	0	f	\N	84	f	t	f	5	913439517	\N
pbkdf2_sha256$36000$c33UmULYiB0F$gnNuwumwYWgNk+kRKKUnYQ8Tq7yz6lfMSyw5YU1u/mI=	\N	48	2017-11-09 16:18:57.611165+00	2017-11-11 02:06:42.223269+00	23	\N	Anh Mnh	+84976370675	http://angia.s3.amazonaws.com/user/770f6400-244e-4355-87d7-3f3731bb419b.jpg	a84976370675@angia.top		\N	\N	0	f	\N	84	f	t	f	5	976370675	\N
pbkdf2_sha256$36000$XxVEe5TPMdWP$Pn9So5BkfFEIbdZRiXgh2ewK4cSVtgmE8BQqd08l++4=	\N	50	2017-11-10 02:06:36.64654+00	2017-11-11 02:07:25.055709+00	23	\N	CHU CHI CAKES	+84912303699	http://angia.s3.amazonaws.com/user/a0455500-107d-4751-9a50-d364196bf730.jpg	a+84912303699@angia.top		\N	\N	0	f	\N	84	f	t	f	5	912303699	\N
pbkdf2_sha256$36000$zSE0WHyNZZrT$wHTM1pJGEfZOFXveQ6ok0CbxGu/J/0R621YgkjQTBew=	\N	41	2017-11-09 11:37:16.548304+00	2017-11-11 02:26:08.636877+00	23	\N	BDS Trng An	+84906998467	http://angia.s3.amazonaws.com/user/0433ad6f-457a-48bb-818d-854a6fa4c0c0.jpg	a84906998467@angia.top		\N	\N	0	f	\N	84	f	t	f	5	906998467	\N
pbkdf2_sha256$36000$qSC0xMeJlwAF$j+maTZkChTCTc0GwVfgy/9YP/FvSK9HDt0Zybx3HHBE=	\N	71	2017-12-03 20:09:55.765124+00	2017-12-03 20:10:00.340226+00	71	\N	Bi Hong Thi	+84914328689		\N		21.005860	105.850130	0	f	\N	84	f	t	f	5	914328689	\N
\.


--
-- Name: user_id_seq; Type: SEQUENCE SET; Schema: public; Owner: postgres
--

SELECT pg_catalog.setval('user_id_seq', 71, true);


--
-- Data for Name: users_connection; Type: TABLE DATA; Schema: public; Owner: postgres
--

COPY users_connection (id, created_date, modified_date, modified_by, created_by, is_confirmed, expired_at, initiator_user_id, target_user_id, is_rejected) FROM stdin;
16	2017-08-20 05:26:37.326098+00	2017-08-20 05:26:37.326119+00	5	5	f	2017-08-22 05:26:37.319457+00	5	2	f
38	2017-10-04 17:30:48.016842+00	2017-10-04 17:30:48.016867+00	23	23	f	2017-10-06 17:30:48.009691+00	23	2	f
39	2017-10-26 13:32:55.12467+00	2017-10-26 13:32:55.12469+00	23	23	f	2017-10-28 13:32:55.113148+00	23	2	f
40	2017-11-07 16:18:43.475623+00	2017-11-07 16:18:43.475645+00	2	2	f	2017-11-09 16:18:43.468203+00	2	5	f
41	2017-11-07 18:23:27.962025+00	2017-11-07 18:23:27.962047+00	23	23	f	2017-11-09 18:23:27.952627+00	23	2	f
42	2017-11-09 16:25:00.585754+00	2017-11-09 16:25:00.585775+00	2	2	f	2017-11-11 16:25:00.578535+00	2	48	f
43	2017-11-10 19:37:14.248638+00	2017-11-10 19:37:14.248659+00	2	2	f	2017-11-12 19:37:14.239552+00	2	46	f
44	2017-11-10 20:13:02.619792+00	2017-11-10 20:13:02.619814+00	5	5	f	2017-11-12 20:13:02.612756+00	5	2	f
45	2017-11-10 20:14:23.694863+00	2017-11-10 20:14:23.694884+00	5	5	f	2017-11-12 20:14:23.687855+00	5	2	f
46	2017-11-10 20:23:50.112384+00	2017-11-10 20:23:50.112406+00	2	2	f	2017-11-12 20:23:50.105313+00	2	5	f
47	2017-11-10 20:27:09.346661+00	2017-11-10 20:27:09.34668+00	5	5	f	2017-11-12 20:27:09.339734+00	5	2	f
48	2017-11-10 20:29:24.020099+00	2017-11-10 20:29:24.02013+00	5	5	f	2017-11-12 20:29:24.012895+00	5	2	f
49	2017-11-10 20:38:13.590376+00	2017-11-10 20:38:13.590397+00	5	5	f	2017-11-12 20:38:13.583287+00	5	2	f
50	2017-11-10 20:43:53.077339+00	2017-11-10 20:43:53.077364+00	5	5	f	2017-11-12 20:43:53.070282+00	5	2	f
51	2017-11-10 20:48:34.167455+00	2017-11-10 20:48:34.167476+00	5	5	f	2017-11-12 20:48:34.160409+00	5	2	f
52	2017-11-12 11:03:25.404385+00	2017-11-12 11:03:25.404406+00	5	5	f	2017-11-14 11:03:25.396+00	5	2	f
53	2017-11-17 07:57:29.652894+00	2017-11-17 07:57:29.652919+00	23	23	f	2017-11-19 07:57:29.633836+00	23	59	f
54	2017-11-17 09:16:50.993447+00	2017-11-17 09:16:50.993469+00	60	60	f	2017-11-19 09:16:50.986613+00	60	23	f
55	2017-11-17 10:43:57.371754+00	2017-11-17 10:43:57.371775+00	61	61	f	2017-11-19 10:43:57.364671+00	61	23	f
56	2017-11-24 12:29:36.604629+00	2017-11-24 12:29:36.604649+00	46	46	f	2017-11-26 12:29:36.556787+00	46	61	f
57	2017-11-24 12:37:15.626051+00	2017-11-24 12:37:15.626073+00	64	64	f	2017-11-26 12:37:15.60943+00	64	46	f
\.


--
-- Name: users_connection_id_seq; Type: SEQUENCE SET; Schema: public; Owner: postgres
--

SELECT pg_catalog.setval('users_connection_id_seq', 57, true);


--
-- Data for Name: users_forget_password; Type: TABLE DATA; Schema: public; Owner: postgres
--

COPY users_forget_password (id, created_date, modified_date, modified_by, created_by, code, is_used, expired_at, user_id, token) FROM stdin;
19	2017-09-26 15:48:58.562243+00	2017-09-26 15:48:58.562265+00	\N	\N	RJOAJ5	t	2017-09-28 15:48:58.54068+00	2	\N
15	2017-09-07 02:34:44.597441+00	2017-09-07 03:15:26.945691+00	\N	\N	123456	t	2017-09-09 02:34:44.584434+00	2	2384658e-a597-42ae-a1c8-2ded2677f3f7
1	2017-09-04 16:52:32.643258+00	2017-09-04 16:53:47.166805+00	2	2	123456	t	2017-09-06 16:52:32.637197+00	2	3afbb3f0-641e-45d2-bec6-b7f64f21be47
2	2017-09-06 17:23:24.417421+00	2017-09-06 17:23:24.417444+00	\N	\N	123456	t	2017-09-08 17:23:24.40075+00	2	\N
3	2017-09-06 17:50:44.034291+00	2017-09-06 17:50:44.034316+00	\N	\N	123456	t	2017-09-08 17:50:44.021664+00	2	\N
4	2017-09-06 17:57:20.004658+00	2017-09-06 17:57:20.004694+00	\N	\N	123456	t	2017-09-08 17:57:19.991101+00	2	\N
5	2017-09-07 01:08:49.379323+00	2017-09-07 01:08:49.379346+00	\N	\N	123456	t	2017-09-09 01:08:49.366413+00	2	\N
6	2017-09-07 01:23:11.039045+00	2017-09-07 01:23:11.039066+00	\N	\N	123456	t	2017-09-09 01:23:11.02584+00	2	\N
7	2017-09-07 01:23:25.491656+00	2017-09-07 01:23:25.49168+00	\N	\N	123456	t	2017-09-09 01:23:25.478989+00	2	\N
8	2017-09-07 01:31:41.340878+00	2017-09-07 01:31:41.340901+00	\N	\N	123456	t	2017-09-09 01:31:41.328426+00	2	\N
9	2017-09-07 02:09:47.374059+00	2017-09-07 02:09:47.374082+00	\N	\N	123456	t	2017-09-09 02:09:47.361525+00	2	\N
10	2017-09-07 02:10:54.785339+00	2017-09-07 02:10:54.785374+00	\N	\N	123456	t	2017-09-09 02:10:54.77078+00	2	\N
11	2017-09-07 02:12:09.770421+00	2017-09-07 02:12:09.770445+00	\N	\N	123456	t	2017-09-09 02:12:09.757738+00	2	\N
12	2017-09-07 02:14:43.611143+00	2017-09-07 02:14:43.611167+00	\N	\N	123456	t	2017-09-09 02:14:43.597795+00	2	\N
13	2017-09-07 02:17:33.841251+00	2017-09-07 02:17:33.841273+00	\N	\N	123456	t	2017-09-09 02:17:33.828759+00	2	\N
14	2017-09-07 02:21:28.720193+00	2017-09-07 02:21:28.720215+00	\N	\N	123456	t	2017-09-09 02:21:28.706936+00	2	\N
16	2017-09-21 12:42:51.849541+00	2017-09-21 12:42:51.849563+00	\N	\N	LS54NL	t	2017-09-23 12:42:51.832952+00	2	\N
17	2017-09-21 12:46:35.475485+00	2017-09-21 12:46:35.475511+00	\N	\N	0VPP7L	t	2017-09-23 12:46:35.45521+00	2	\N
18	2017-09-26 15:40:52.764646+00	2017-09-26 15:40:52.76467+00	\N	\N	W8O9EH	t	2017-09-28 15:40:52.74662+00	2	\N
20	2017-09-26 15:54:03.775711+00	2017-09-26 15:54:49.866205+00	\N	\N	607088	t	2017-09-28 15:54:03.754797+00	2	21d54c68-c770-4c45-8ce8-a8e414aa9f7e
21	2017-09-28 07:47:22.382991+00	2017-09-28 07:48:00.405131+00	\N	\N	294684	t	2017-09-30 07:47:22.364689+00	2	b7c2fb45-f6d2-4de1-8a5f-76aa3dfd3617
22	2017-10-01 15:45:40.855984+00	2017-10-01 15:46:31.6412+00	\N	\N	778956	t	2017-10-03 15:45:40.84175+00	23	fc51fc18-fbc3-4755-95a5-26eb2959093b
\.


--
-- Name: users_forget_password_id_seq; Type: SEQUENCE SET; Schema: public; Owner: postgres
--

SELECT pg_catalog.setval('users_forget_password_id_seq', 24, true);


--
-- Data for Name: users_points_exchange; Type: TABLE DATA; Schema: public; Owner: postgres
--

COPY users_points_exchange (id, created_date, modified_date, modified_by, created_by, amount, source_user_id, target_user_id) FROM stdin;
1	2017-10-23 10:06:16.089214+00	2017-10-23 10:06:16.089266+00	5	5	20	5	2
\.


--
-- Name: users_points_exchange_id_seq; Type: SEQUENCE SET; Schema: public; Owner: postgres
--

SELECT pg_catalog.setval('users_points_exchange_id_seq', 1, true);


--
-- Data for Name: users_points_transactions; Type: TABLE DATA; Schema: public; Owner: postgres
--

COPY users_points_transactions (id, amount, date, object_id, content_type_id, user_id) FROM stdin;
1	-20	2017-10-23 10:06:16.095273+00	1	19	5
2	20	2017-10-23 10:06:16.102893+00	1	19	2
\.


--
-- Name: users_points_transactions_id_seq; Type: SEQUENCE SET; Schema: public; Owner: postgres
--

SELECT pg_catalog.setval('users_points_transactions_id_seq', 2, true);


--
-- Data for Name: users_push_settings; Type: TABLE DATA; Schema: public; Owner: postgres
--

COPY users_push_settings (id, created_date, modified_date, modified_by, created_by, device_id, device_type, user_id) FROM stdin;
2	2017-08-16 16:09:11.393557+00	2017-08-16 16:09:11.393583+00	2	2	epaa2skMHlc:APA91bFdkrVCQTOE6AGkiznz9YiGIOsHKVXhew9w76SHqj0O6JD5EtIHSBz5IeYsCZ_Uijxgvqf8fdtk66DZSp_fJtEiiBlQ1BuDzHci3fBHPdt4H7UKrAS924Us__WWn_JLjZkMCluV	ios	2
4	2017-08-18 13:31:54.057853+00	2017-08-18 13:31:54.057878+00	2	2	dezBFdEyRDc:APA91bFuvS_XoqFsrmY3GJVWNiGSGI61fbZVHWXHHqW5M_tQ1A7V-3iJIUkwzGDgKG8fUVBRB1CtzVeGmHtSIaBba_MlQDKhxjYJ6OUcCwLpDlG44buW0h0EHaTlGT_hE4uDZaYShsJ7	ios	2
243	2017-11-12 11:03:17.182527+00	2017-11-12 11:03:17.182553+00	5	5	doM08bgFD8M:APA91bExykyO7LmeJl85qYHsXuiLZOL0H7U_kvCiBg5qmI20XXsULp61pfHQEbK9fxbcOW6zhO6iK0CmljjKcwUNOkfWFJ4l2KXQuz40C95HwL_zHT6JeoH6qvFCBnsmIRWBC9tkeejD	ios	5
86	2017-10-02 07:51:35.322225+00	2017-10-02 07:51:35.322263+00	23	23	cV5tVEtYs8Y:APA91bGfGM06g3timasjuQJzvQNaxW5J2mwFoyMK1dVJ0k3-YbQ28TWW5mNlDgbQqVb3_YRccYRVVUJ1sfYEzb6OEWesGSsv3M8rU6qHIxlcv_S-DNRS0ObMjUvD56l4z3UQq-fUdjzW	ios	23
247	2017-11-13 16:18:43.223006+00	2017-11-13 16:18:43.223034+00	2	2	fAxJl8BnObs:APA91bEpq1heFqDPxmOLArvuY-a9_c6p6-3VLfwdOfBi-Ec1zNJObedPv_2bYBvESQfu8_DVs43H6WNNYUnAMPpXtuP--nwW3zHinlxVNz9iVgeIkYJhG0bTcMBenSwXHUEaU67aackC	ios	2
255	2017-11-15 03:48:48.209353+00	2017-11-15 03:48:48.209381+00	2	2	ejute5rAe54:APA91bFE4T-Lx56dXw7MOfkP1Vc4rh4d110hBF-56EJBkgi1XFTeX4tWoz18NG6I1dzzOyMw7lPYY-3_dmpaxhcGcfP2kSZJzwXoVDgKuFpnhy747YMPgqBTj4s587vpnLae1ZptkYbG	ios	2
257	2017-11-15 03:52:59.918662+00	2017-11-15 03:52:59.91869+00	2	2	eWjGxYXad_o:APA91bFRL2-rhfjn2ajg9iTqHh4HDuPUQyFb4fvLBDnzzxItprS4odAlv_81wURTHqifXNtCkET3VYVP8A6cOuGIJw9cjbSEpJAKhxmo1SvnZN1vNP6KwNrFHfSQTW6Qx1ORITQd_eBb	ios	2
259	2017-11-15 12:29:57.329697+00	2017-11-15 12:29:57.329725+00	57	57	dTvi40eNODw:APA91bGKyGT2ttoeb5oxb_Ws0kNqkeXI1rKLouK0G702dSe7OV8_dKoi1FpDfDcXKrZnrEfph7HA-9kLAIdbo86yAjaRkU-eIArNcUgGjSD8Wo7EaKyE1z0O-vfSlJfGG60iuqzNQnbg	ios	57
94	2017-10-03 00:55:47.024456+00	2017-10-03 00:55:47.024483+00	23	23	cvsERbHBjKo:APA91bHEmOL43I7l7TVnYSy4TaztwGYHW-brtgeXq7e0a35MvlywaSMJcaWdX-_PxnkkM1bFz2n1CY5gilLCgbVGnzN0FGxfbroh79mEFu93VeQVGIRgUlCzA1RrmlNDUAmc2C5U4l0F	ios	23
95	2017-10-04 17:28:13.30786+00	2017-10-04 17:28:13.307888+00	23	23	dBcbhUU05zA:APA91bGPlLPym-8jdEagKaNg6lwZb8A9r6u_a46mn_0dyWrR7BmWAX2drZAmj6k7dB2mhKQT_BBbshEuhuphMfTqKNSKm9YMrUTEtQf0SFmbMdvZAGv3_wkFBWj1sKwgaCw-EBJJyiv1	ios	23
20	2017-08-20 11:39:10.18079+00	2017-08-20 11:39:10.180815+00	5	5	eClXzEWTjWQ:APA91bG7F0q_Gomh71_tGPG2MgcotZ74HJYt56O0ej5JGI8Fb7bq_NEygikDUiZ7tZruhXq4DtrbEoaUUNCh5SJt-LLUwsRCZ5z5o7i1idkFsGBMo1FocBiyNcPaKoWz1Wfw3Z4L2ut1	ios	5
21	2017-08-20 12:18:27.105347+00	2017-08-20 12:18:27.105375+00	5	5	ed95g_YYBsc:APA91bFFstOHWELYmwu5IAHk9zEz897-PxlBHsw9mAZP5EdjceBJU-Wh-4XpuM2AFjj2z5PUR5BtSpNwE4JRvpYkN1yfHaXHFaEDpRapRNAdjUkgqy1sBS2oeBed9g2ur3kRy0R2PcO1	ios	5
262	2017-11-17 08:53:13.75399+00	2017-11-17 08:53:13.75402+00	60	60	cBTcDsrE4hs:APA91bFaK4pDtmplfbuKh03jU-FXxvBKQxeiXa3NokJSbKWEZC-6cFaGHQvRMwk-mUkhnReHjw3Gb59fE9fOP7T-6nnnM_TDnODVjFNDBoivvIQ-t9wokTpCRDUVTi9UDqWYK3J9vtal	ios	60
98	2017-10-09 08:48:02.182578+00	2017-10-09 08:48:02.182606+00	2	2	eBqd7Xz5_3g:APA91bHqwzSZDYJPSoBlkxhKcXK1ic2HNgPxO_31I8-ER1MBO9lcPYdGkM0iZhT65lP0ixJh27RrEkNCNZu_7G-rR44mJHKlC8pW0DIf7bWU9tmVtVpBS89Trgk4PSNxO7CIc4XcaUKF	ios	2
99	2017-10-09 12:43:36.750958+00	2017-10-09 12:43:36.750982+00	23	23	cTWj6YGe1kw:APA91bH6uo4i1szqxtM1GptupxszbsBn3XjpmeHKWPMTqkr76CZDzgkddMShTOBOSbAoqqVQ4EBxx2ZzQZ83hG5rQ7wb7XyD84RhSZZ03FdJ5d61riRCv1tyvd61Ct3HihbDiIkX5Ftv	ios	23
100	2017-10-09 13:18:12.674209+00	2017-10-09 13:18:12.674236+00	23	23	cV62lzY2tCQ:APA91bE3QK77ePDY-wQMz7HamyfxjjDMnfhB0rCGJoe-IEJzohppcJY39tbwgCwbihOqOfsDdtp8y0f-dM409aWKUf3zvGtPXZvktJbxk5Q8xJ-GAhu8dLihw1T8YUtOqbYoLQeovneK	ios	23
27	2017-08-20 22:51:51.625874+00	2017-08-20 22:51:51.625899+00	2	2	dcXSD55C8u0:APA91bEgEz_d6xHQsqPFIVG-Dot0Y1b7V54zQuOgVVZ2yxc2AfsbknITCy0dLNtqvUL-OG0Gjf5PuYa6oQzvM1czNjqbPrmwxWOAInmbUcxH5MmZ-sIWwRpIzqcr2ybLWhoNGEjsF50R	ios	2
263	2017-11-17 10:42:41.741017+00	2017-11-17 10:42:41.742038+00	61	61	eUDU5Uaaalo:APA91bE77CMwFPlAvM9GqBtB1YJTWXs_wOgmU9ZMC7nrJ08rGEu7ge1-zGvHLbXQpdf8LaxWi-01SJZOYWx0KEmE6skKiIhb94hkk2xHL_F1xXvdBv46muqHZybraj86_drBrDcImaN0	ios	61
264	2017-11-17 15:39:08.263397+00	2017-11-17 15:39:08.263424+00	62	62	fepUwtacXZE:APA91bFGNnE2y3md4UUkfypc04pzkXkdRmQeM7CmSVSNZeYVQGwt2daY5uP8Lp_DW7mphkXxTfKGFkPIy5HORZzR4CPKem3CCrrwnPanJmJ_BlgQ74R9us_MmPkzVwm1My-f5FOEwOWm	ios	62
30	2017-08-21 02:07:57.539207+00	2017-08-21 02:07:57.539232+00	5	5	evu0XMf2ySU:APA91bEwzPyi1xd8bBGHKETsXRcJg-5BRTGo5yJpTY8swu8X8alQiQzzDPyYfOnMCiO-zDM4DrD-3oIpHrugCuxiJ6Yb0g1_qy6UJcNeQnw1zNIMq9rk8kSs6KvBjOKdbfissQklXrCw	ios	5
105	2017-10-10 11:15:01.795004+00	2017-10-10 11:15:01.795033+00	2	2	f4zQ4wjeelA:APA91bGkDbAr3yBR9osko_CcD-xEhZc3fjaiJC12f4NOvzXdmJXvCB-qZv7xUaPMR4PiRWRZnJbfJ5sI1rUsvZQoxP7NtOCgtMedLUfva6A3OVp2EUP4gFUXnFfoNclSndZ0QJRwjT4n	ios	2
40	2017-08-21 11:49:31.202708+00	2017-08-21 11:49:31.202732+00	12	12	cWS0nFiJ_lM:APA91bEHY9OCyW9fH_wAwaxl1sAl0tpDl84BTE3XGT6JhFpKlGxj0wIv2QEhapV2YrzXO8k4y-bVWco-cE11aeByot6p-0Waz6BSGFsMad3z2sJnEqzYG2iC12XAnyvTd16eVkmUxh2u	ios	12
42	2017-08-21 12:59:59.613573+00	2017-08-21 12:59:59.613598+00	2	2	cBzMJyth_U0:APA91bGtS4G3mh8c18DN7oCg7ul_qpMmE8tYxhJHP2Rizlnbhe4kgavynR-xgDZW7GzpqTW909ZxWTA58l9NRrBD9dJ5WN6UWXIHMVIQausA9WRsEDvFqLuAPhruE3eGr1Cm9pg5ZmUn	ios	2
107	2017-10-15 09:31:24.92508+00	2017-10-15 09:31:24.925106+00	23	23	c8b1TNcb9t8:APA91bGvrqEftsMqg929lpFuSSEcefYHjiCk1gAB1p6CxKlAuIJGFyLr8jNw9etldtmX8b1Ximd5LccsDu9FS0tPcR4RaGYR1zrB-cM7mMHtBZysb58_UjiaxkXh2DftjTx_BaxE79Qo	ios	23
108	2017-10-15 10:57:34.931917+00	2017-10-15 10:57:34.931944+00	2	2	fPXZkPObacU:APA91bH7b4kDCSn2P0ZVdxa1lI1femEAcnu3Id7VyBLt1UDGzEQoaDyWONyn6-JgaGsNRmw0BQ2PIK5HRQ6nC4OaOdzFTLJJb_U7GqspGxWBD0ZaMu-BrHtaPCHRcPyS8BRbv3uxKi-7	ios	2
45	2017-08-26 14:43:14.126494+00	2017-08-26 14:43:14.126527+00	2	2	ceJvnf_cuIA:APA91bHYnRQAtvi1jGqajLl7G01cj9c9aUvjvbia_OQ1QZyOWKMw09YZH3tYZA18iRZSOz9_HL9RkvZAp0LyNCoG1gGlosTqNs77LM3sLgi_-727DhbfW13IzzKDdg7WVWxJAhNRRgkE	ios	2
54	2017-09-07 03:15:40.691116+00	2017-09-07 03:15:40.691146+00	2	2	fiYuqpAryVM:APA91bFU8US5fVsLlufaUpTH-rHdoN_ndCJnlTbF2N4kZ7WswiPS7YChAcUaJ9qzMoTkSkOiSmjnFw3BynXGW3hb8YsnrT_Kch20GwYpGcLaF2OUvTe7pAwqL74yuwABkL0cQV-TSDwE	ios	2
66	2017-09-25 14:11:24.066741+00	2017-09-25 14:11:24.066768+00	2	2	efRIUn59y6k:APA91bGIQ10t0QTlNrJ1fYSuzZjwiiZREwQAFbN42bUpbEczQTf3LJztGzxMxOseOFpyvrioAnqXKRe-QSgEEv1WKw312T7UZewMNi8F3Taev2kSMdHChBAvPsAVCWoOkRmW3mVCU6qP	ios	2
71	2017-09-26 15:41:01.395942+00	2017-09-26 15:41:01.395972+00	2	2	cG_2l3bXz44:APA91bF1eEa88R-GP-uZA9zVuj_2RJmCbA_JxCuvZPRkyuIees-Lozuo3I4PYt8Y-ciG4sCapji4Mm6rpZ5BRtbBc6GwX_1Bf6jkkE1p0BRZx6PzyNfPpt0gyApf0XgiKgEzF1uA8Bn1	ios	2
75	2017-09-28 14:03:52.283947+00	2017-09-28 14:03:52.283974+00	2	2	fzqeQtZzRRs:APA91bH4g6opCf10mLIjxkK24SugCxWJiLyAb-bEugRHkAtRTvyhXa3TgqicMSWx1z2rTZJyU1jinCzKapfc_OShB0IkOplqimRHwXo90v9V6eeqZyGI5c3Cel5ILmDhOLESN9_5f5cY	ios	2
77	2017-09-28 14:15:58.939484+00	2017-09-28 14:15:58.939511+00	2	2	eyZuCpVYwi0:APA91bEpItGZwpLe2_vhpte_yPbNtPbHLFpog5yKvn3QD4e1N18Ha_sSvjmK3wEGrI9BpWZvoLigyi5pFe0TpEIcTkODXZOdUWgS9CxuFWu_WKjUXAS2P4bB1W3o-9wcU4zr5vhYJY31	ios	2
78	2017-09-28 16:07:38.489474+00	2017-09-28 16:07:38.489499+00	2	2	f0ML2S4FM8M:APA91bHaRIHuy7Q2oYP3GRmQH7d0-AKZ8a8a4uarDqcMIyz1IF17ws_rR5seJJTd5NBKfGk8oKQQJmrODhz30wGcbwq7Mhcmn3Av4u7-QWh5e60DWRYZ7RGhBCCOXiMEMaMSfzuQN3_J	ios	2
175	2017-11-07 14:26:14.769327+00	2017-11-07 14:26:14.769354+00	23	23	dSKvTPF2SU8:APA91bEIGtanJCSLLFNy-20Np2dwiYO959j-2HrfIKYJUiaVw_4h40N8KnaiTO1jOP_YLYltVW_SJaCAaKjx5s3T4o4U1aivJmG4p2W3i5qAjUiddj4RD4DVX6AeOkpqCRMFHXXsMA4n	ios	23
110	2017-10-16 10:39:49.106198+00	2017-10-16 10:39:49.106224+00	2	2	fHz5RX88iGw:APA91bGfVB0iTma5X2yZxHZI2X0DJs_hVs4P5wNGns0eEvU5GZGR2vaoeDknr4KY_DqxQwwQXEo8JVQbIEcoT6X3eoelCn3fxQ_6r1M9nAUfb4TWHu87oky6NtpzQWGY2mUwGs9XdWdD	ios	2
113	2017-10-18 13:07:29.913703+00	2017-10-18 13:07:29.91373+00	2	2	eL8hf_DXP58:APA91bEjAowSCVcC08K4sQj31AysDzK-VNnoys--tZ54ZEYhygUVdOMzGouwSog4z-__qrw26w3vjgUPRllcmRLT02qiCcv0_VSkIebuNVjcgqofJ9K7J7v7zfKyZy33CInY9dDuOcPt	ios	2
114	2017-10-19 12:12:03.803193+00	2017-10-19 12:12:03.80322+00	23	23	f0MboIyrH-4:APA91bGWFfqyED6vY6w6ZIOJgM_QRAYRkwTVOTMBulK_tS_oLXSGAG7HUQ8MJX71o-95ulWK3bJCMLymqVCCK8BBBbK2uAmzHIiTKR5EFGqVF5PbDRZXN3xVMeRZgRUT-ecHRa_uKVta	ios	23
117	2017-10-23 10:42:55.332493+00	2017-10-23 10:42:55.33253+00	2	2	eJS-LbFgv9A:APA91bFXFDtFaIPKGH2ppBdx8Oc1qX2LiaJGXqhUaNPUEVjOLraGPWwX52JlOz-wKL_XCpFIKWXfTYFTEQR3uUK9ilu_UX9bxMd2S-ytuER6DeAUDjstwf1oGa9bf3PBtnNOSr6tNP27	ios	2
120	2017-10-23 14:59:25.631483+00	2017-10-23 14:59:25.631508+00	23	23	c5pU6cg-V-w:APA91bE6KLKuL_NW5P66sv6a52nkl68qehKNmKbOJedNsU2C_LrQI7jhQYMGYcZWi7TB7NeGcaAgekNXcZJTrAKjbr_XBBW_ZWXP4BVgr33iSTeLfVhgitXRWWyddAA5rDu4aELsR7HS	ios	23
246	2017-11-13 16:17:41.663593+00	2017-11-13 16:17:41.663619+00	12	12	diieGBNwWas:APA91bFUCH7p8k5jSmzizC-i3AlJFqf6fB6omKsMvyT3Om5YyST69TFe2Qzy1vIcTWZduDlWUPkKU_gu0z_fWzPAtgXV6NTAYrJkzdYiTENixHhAbXuic_z8ku99vEMtR0JkLWdRXeIS	ios	12
122	2017-10-24 14:46:09.97868+00	2017-10-24 14:46:09.978707+00	23	23	efvHHyw7uN8:APA91bGPbZ2HMWRQ388jiWU7R-27lNYbS2cvanQ5B0ymnEpNTpKV1T5b56aM8zlBFGxvdCa5NMz6O30joMPpGrTlFFP4PJXQ5N6tMislqzxZPqyJcZge0BqdCOsqgkSpzusGOx8COSzj	ios	23
123	2017-10-25 13:46:19.690425+00	2017-10-25 13:46:19.69045+00	2	2	c6xw2ZqyEdY:APA91bG6xpLDjAe3FpyeZzidCUhhgh83ZkG3PQqstFwPLyna_ez28W0we-Ar4yVtD97zgIEe7cZXhuPEvFmLcwUzxVXu-L0x9HPyYw1RQuwjtT_43A3m7fiz1rdV2Ve8pEq0qpNNb9kb	ios	2
124	2017-10-25 17:43:30.958413+00	2017-10-25 17:43:30.958438+00	23	23	ehRV8bbChpg:APA91bHbjDXMx3spqeuXpicEuDUdFLh73fAFk_QS_dYQVXtkwydWthcEPmNdqDofXWk7avN4OBzK0hxzEOk3JEV9YQmDvq2EFl3iLwdmU6uTpZmc8XM6qDRCmd6ZAuy0mbfHcsCr4pYq	ios	23
248	2017-11-13 17:00:31.705334+00	2017-11-13 17:00:31.70536+00	12	12	eAi7gFLAoHM:APA91bHSKQG102sRfwWOJAo5EP9xJurWbflQyYImygBImlLmxd7Cp1gIL2H1ZUosH53PBjvkXBR4mKICej9-sHZjYUr76AjdJHV9jciOeY68PZ9_JM1jBRTWGErRo5vNs5Opdxrw61i5	ios	12
185	2017-11-08 06:28:06.310897+00	2017-11-08 06:28:06.310925+00	23	23	cUXASTrwlhw:APA91bFa2gnKGoJ_QnXK62iRgPXb89lAIt7n1tJ3o6e4x1IaHyMV2ejSCltiGU93KVxv5Igg5vZfrd-xuMzYmmWZejMlyioTiNRYaa9W14SSgrl66W6InAdAT_W7BNkLqhtV6Qx7iIj8	ios	23
127	2017-10-26 08:51:48.655686+00	2017-10-26 08:51:48.655712+00	23	23	ejf6UG60LU4:APA91bF5L22TX5Hkx3b1tayrx07WOTec3mCe0-3cslfQtK9fjDqMCk-DDWcD0oYDXygs7QeBnLfSYeD767mUz0WEnRnlePs71Mgi34PadzbQdHa-nR4IEFZ_g14NosaFo9e2RMx80wfK	ios	23
128	2017-10-26 10:14:06.498415+00	2017-10-26 10:14:06.498441+00	23	23	f_f0u6TWOfQ:APA91bFDTNNnEAnPKuRoWv-Q0EWD9DKeIiudlQ8_IyyBe8w6k6bN8i_SAyPIwD37_T-0UYNrE2QNua_zh2_o1CutDSO18ipLTXDioDs2ySRbMwXf_sDwNlZxX_r0v09VX1al0Ga7THtK	ios	23
129	2017-10-26 14:19:30.382741+00	2017-10-26 14:19:30.382768+00	23	23	dUSJmfH294U:APA91bG0oPdUydxuXTZKnirryPsO79soCfiuAEXAbUNMSzYX9Wgmq2Zsm7oHF1JRf8TZUd0qaVCCvCZQbJBwhfDR6v2cFGawrIAOdDkCtUYPwo7SwlWWVQiTZ-6kmfjCJvkeIgkrBDZs	ios	23
130	2017-10-26 17:56:31.575606+00	2017-10-26 17:56:31.57563+00	23	23	cRSVFPDGyQc:APA91bE1Ha0FSbpApRDcPm0Mki7GFjlyvngittljh5E41TztzqpYGb6mhY1Dxeyc4CtT5rAo7t6oPsx8OzwiuoPt8k2EHFGaQQQCfJ7-Rs2V4nWqTvD-3IkS86OWlGKkkaSHVqwqCq8d	ios	23
131	2017-10-27 13:04:31.229794+00	2017-10-27 13:04:31.22982+00	2	2	cS3O19A-ngw:APA91bFv1lvsyZaojhjltyNTRuf37yi6SMooHWdU8F51QpSrc6AhPOlceNVosAPw7d5_tbN5R7eUAwiCVUtj_wCbxdrrGM5e-kexv4kDcowDpBxWjzVqhYbLQ9mr5SABLJET-YgxBPeA	ios	2
132	2017-10-27 16:32:09.1479+00	2017-10-27 16:32:09.147928+00	23	23	e2k2-6CUQmo:APA91bFsbas673gxcBh9GQYiEPyJQpyLQl2zv_Plk97Jd4KmPtkOUnt-dQyUh6O-4-f6UZ_STOu7NZowDUFJhk2ABTkQxPGrw4UDj5BdjCic-XLQCtJ5UjWjcUo5rmre4-Zcu7bL83mA	ios	23
133	2017-10-27 17:08:18.544+00	2017-10-27 17:08:18.544025+00	23	23	cG9nLDw7ALA:APA91bFIiPTso5TZ6_C-z4SWKu8y-bEqngD7rUkvjxIaZaSdJWRtJrM_DFA_ABujdQEhiKYgqnjp34O-l4Q83PD2aL-Kz3pXTL-miZP996D04ln66Y1NewQ1KK9TMNcO77slwSu_sl7j	ios	23
135	2017-10-31 00:43:02.033313+00	2017-10-31 00:43:02.033338+00	23	23	dCy1ob_nQ3I:APA91bF3hBSjjEKAvlkcsi-2lm7FnrqLZJgXL7H6s18X9A2QdUrjB3ckuXVpsSvyaBmNNVmMQffuswlSovhcPXXzPwWaZxTG7D9tBgRpuO6gKF9uzSdqSthfIInTBHxgAxc-6D-C2LH3	ios	23
137	2017-10-31 14:50:16.609919+00	2017-10-31 14:50:16.609945+00	23	23	eCRvaOVu14k:APA91bH_6nBYdPdXGcV381sAS7GzVTI8zRImOtCxnEphy9TDus2OhZ49RCawDdCGDVsGu9pAvSY6cLz60YK_gXYZj08U-RvncM83jZ-o03hFvLUxVXgID4zyF2IuVj2gvOLpr95tb1eS	ios	23
138	2017-11-01 23:34:01.696092+00	2017-11-01 23:34:01.696119+00	23	23	eU5XubNHoPE:APA91bEZlBAiIb3vt1SbCZNxUEwgdIavEIqaIh88dQo4aAP9ozUgb8PN_cnmCTGD_DEcqGb7uqsLkM5QtSgIFcGQfAzpVv1BLmVRtez9nEWgJhKpTJFNFtEqHl3SqSGkI5OSWSwAQKe8	ios	23
139	2017-11-02 02:22:42.639988+00	2017-11-02 02:22:42.640015+00	23	23	fzD9tZx3rl4:APA91bEFMn2ClRI_ZzB70Bh0Q7AGCfnr7JXAzE745npXSceWsYJrsf5bABci6hpCktyjnTfPWRQShnIirKMxqnqP995PWTJBgVT2fWHDRQE4Uigz_BGIpqXaEART9-Hf8gnEKgrhFjtm	ios	23
140	2017-11-03 10:08:01.007332+00	2017-11-03 10:08:01.007359+00	23	23	fSGs5UpTO6c:APA91bGr_YkcB4fyBoAkOV6PMLsimBdQUnTrqklBwHnvvRCBPw3s43HM2_bA4qkL6zBS-1C-7RooKCjzywNXM7WL51Kxyj3CoiB8eZd0RjiILt4Xyc69SUa9d0nqKfr7MJhulouaNNzY	ios	23
141	2017-11-03 18:38:12.39317+00	2017-11-03 18:38:12.393237+00	5	5	fYursHCsCCI:APA91bE9dyt-ryuuIFwch19ov_qD9PrfV_snnrSVUUUsaimLxoUCAgi6o_0Sbj66pTl2W1abWFdSiEGpldR3At0NzT8EtbahL8XBsNAwVoAvFC8g9kie21meDGgAEFW8e68rFE099jKX	ios	5
256	2017-11-15 03:49:25.61594+00	2017-11-15 03:49:25.615968+00	2	2	eXWk_y9LCO8:APA91bEwVnK8Wonik7gasufDU4QCgF1xpkpiAVeHNFnsIZj84tJgZbIdUK8dh9brkxNwVnVBXRXzcB0JN1WvQm-zJoI-t4vgNe3znOf-B-znYyJNeCeODU_2O6yUhfe8X94eVvq6Ef5r	ios	2
258	2017-11-15 04:09:03.658828+00	2017-11-15 04:09:03.658868+00	2	2	fh4Kuek8dCo:APA91bFp9QYU-2dgRBGJlGu5xsgk0bNtUboKVu66pmzxnWSG1-ZIQNNzvZ13BA_UOHuK62wqiGzYXjcTtmsQ2VAn8Ge3WwITi4IWIlHdrmYTGZLqZHABOwiWJy1Xda5Ls_j1Kx_kuv6Q	ios	2
260	2017-11-16 21:42:24.693581+00	2017-11-16 21:42:24.693606+00	2	2	eSk3X4xIpwQ:APA91bHL4UJ_h2sz7o_Bk7xJ4-30-5gSYKrj5Gk7pxWxejZMumROd6dBNmZOSlwhjZPF7ABLk8iurESrr3QdxHxOAXZCmIwFL99XVgQCaUomHd8lqjSKXjn9JU9b5hNokvocsvH_HHXA	ios	2
207	2017-11-09 14:43:56.996293+00	2017-11-09 14:43:56.996323+00	46	46	fFfvF4lIPMY:APA91bEiIZD4v9VJcoolawwQV5s6RAsVP9Zc_MmIPcFo4U99d5fbFm-pc0CbtpjtCnZaSsdZ7Qrem7pf6sGAilh7iaO8-Lvis_UbhqcO96raSAhGbD-RJAkwL5WvrlJzF5yRFvt3MbWA	ios	46
165	2017-11-06 17:54:07.136154+00	2017-11-06 17:54:07.136179+00	23	23	cRj9_5ToPSQ:APA91bEYHBSosCo32tApGAxCNrw0bUQYds3dUwexsBaiVjW3EEFPySyCh4V0Edx8oLMUUTEC9QkBfF_NWkKIzAIGhS_mG_73zcWCMsxyd9J8Zrz21yFT6ZWcbyvweXDnOeWa0QEaeLYI	ios	23
209	2017-11-09 15:05:21.738855+00	2017-11-09 15:05:21.738881+00	23	23	fZ42TF8_-gg:APA91bHTfg0K7-qKuwmKzLAxnIsj8gmjJjFWqfxZhicyswsM-RCub6oSeX0lz_3Qt4caijx9rhRYHDEmMOz-JSr5KeVgYKzcBRkK2izx6GLzoFB3xs8L5z_4POFPB2UwpGHyYDvf5f3j	ios	23
213	2017-11-09 16:18:57.873507+00	2017-11-09 16:18:57.873534+00	48	48	fXK8ftnW-1s:APA91bGK5fEUnxgTZ9kUZifupq7CupYc4KChZ4oHajUQhEjY3yVk_ugbOT5fJsKW0PPfuVDw0tpNtExPz7GNqsa6l9olTwp0X5NxHUb58EGk9ovssQEZwTSTWHGMi4sGVs--JzqdFYHP	ios	48
232	2017-11-10 19:50:04.894182+00	2017-11-10 19:50:04.894208+00	5	5	cglGadTO3IM:APA91bE9qNNnK3o6rzQ3vGkiOe9MoU5uHxVkGCphFKXyZpsa03zYc5RgpSAZ01xbjKRSermnPDVhsl1pdauaz1MdteZ0UxHre9rtHPrtV413p1F4ODpKE04J0o6ggj7n4T0d82d0UdT-	ios	5
269	2017-11-19 08:43:36.72497+00	2017-11-19 08:43:36.724996+00	63	63	dKVdTvdg2JU:APA91bHejOgDyaNIzhof0m8-1gmwrbXQmMZenO34xxKh-RYlwmE7b9qENnMFAyxlpg7hC_IQYPByu9eNcBMb4V8pmC5DGxB7qD14ZWREq8K9P3dLzpFX3bKQhNGnseT91mpvTQUVSoV5	ios	63
271	2017-11-21 13:27:23.461662+00	2017-11-21 13:27:23.461688+00	46	46	e_TgWkel630:APA91bHk8XQN4JShHA9jklFtvzDPpeYFlDpbMNbYhQ03WoxL3EY2OLaOoXLJq_-WbliH-yqK1UTun6-ijeVqSZwuHlrsNaat7qdSiQWzdasV42ASE0cBHBVvDQppHw46xOLCJlVMvYd7	ios	46
272	2017-11-22 08:51:46.789172+00	2017-11-22 08:51:46.789196+00	64	64	eD-cUte9rN0:APA91bEb753pgO3K2LVpVuyhpJ8Z0dkxHGkXnAm2nXCVTiFn78ykft0zV6ui0cfvtsaU6Ccw_fP68wTGE3PUYRMgm9zR9du5S-2BRPt_M-KF4rp3d53vari7ERBnSyuzTiDZ_3uNyWfk	ios	64
273	2017-11-26 14:18:31.829768+00	2017-11-26 14:18:31.829792+00	65	65	dlTHh2IIJGk:APA91bEFb5dEWHCMYaOXDU7K0QPiBczqJNpDUKRowd06lyh47uXp-OtVKd_CoayV16KyGpHopz9ozPG0w0vqRZR_xOxaBA7bA07ra_9DChcr9pkPs30DBLboWYTmoJzD9V4EyWaeMNFL	ios	65
274	2017-11-28 12:55:52.743741+00	2017-11-28 12:55:52.743764+00	66	66	esiUUvQGnBc:APA91bFQeAR-oeaB3kaxnvTz-Lr72mhpsxIS2oF43RGZCQwsZ2xSEaejemWiJxNjw80DbeTK0GpQshhEVbGWwsR6qgSOYu1XHXVVQpsIvwe6DyP081v4lkjjGKd4bwqbDROtxRVtOLqm	ios	66
275	2017-11-29 16:59:06.940943+00	2017-11-29 16:59:06.940968+00	67	67	de0l30A-B_k:APA91bGk_3UmS-HO_KW2f7bNRiX2d3N_WZmw1eW65fLpchjEgiY284FEvcJauOK6Uf-qQh4gbUnqNxiNzE4on1mGEZrumCIj0q2ztLTgEw0CCER_WuXoojgojgSXyChW91pdDisPS2HB	ios	67
277	2017-11-30 10:31:03.996503+00	2017-11-30 10:31:03.996532+00	2	2	czKv3IfcMjU:APA91bHkXDkw8IYkVvO1T9_iVDf8pk8aAsDyHJihja-sQ9E2DDAHU-vaEO5Zk_xGpVkOeqLGAIIku7YCMDOxYMudT6diqPH4ayfykQSn2P9pLRqN22iHTBc1YgLjIkoQ38a2Kzo6VzwP	ios	2
278	2017-11-30 12:00:29.601094+00	2017-11-30 12:00:29.601121+00	68	68	cBoH8ELNMKc:APA91bFnNDXtvVAKqKjGKN1wJhl3KznnLWITvZVFddjajkEYhKO-_nr6U1ZRXAxQa1yJLuyxpj3nRpVICW8jPsGIsETuFeubQCoayEHvsjsl1fe-0BWrXKi6gDze6UN2PUmLZ5GGEHIB	ios	68
279	2017-11-30 12:38:10.689028+00	2017-11-30 12:38:10.68908+00	69	69	f1xOwUGfeJU:APA91bH8qTc-FME0OTgnh6nPodcY_I4oopoX6B05RFb83zDF90oEfSdvXPlNsq2RZ-xgAgkySm2HcLiGkpbtVkUgj5O2XfqXHky_zUz-zX2SQ4F9eOv8QYycSE5-XaYIJGqHOIDdfxsZ	ios	69
281	2017-11-30 14:44:37.348294+00	2017-11-30 14:44:37.348318+00	46	46	ernVCckRc4A:APA91bGv6nqPiIWVXsfXAR9QntZsclQZvSjFDtBM2aG0ct9TXMiQ8Km06dsmES_gvj879m_8lVFX3YpD5F46eY63CpmAafDTEhzWPyW5A08kFpIhfv1BPsdWq4MWjXXvdWrwjIZsj08v	ios	46
282	2017-12-02 02:19:38.438908+00	2017-12-02 02:19:38.438936+00	46	46	eYtZtX-MlJI:APA91bGV8BXvUELLmrrZu7yDXYrVmevCBZHDW0s-nFyEtzjfrEyWgQ31e4faAsdA1PbWAiYwZn5d07AgykRZEXkEUN4NuRYeUIc2VoM3kzIEqRCQOGJyY4NnpRwZrkpdyKo8pKTF8JvO	ios	46
283	2017-12-02 02:56:32.467625+00	2017-12-02 02:56:32.467652+00	46	46	fCi1u7gyZxo:APA91bGOk_u5PGyp1we-JuMbltlDZjaX4pxO1DbZtmoDYM8RASBp0mVx77u0fiIdIAdYJ94rw-TSFOBPjD9by5MGMw7rIHaR48A3Mi2biK1LrrQOgecK3lmY_Y9Z9KQ7E47pKrAyyFDz	ios	46
284	2017-12-03 05:39:45.565605+00	2017-12-03 05:39:45.56563+00	70	70	cVnownwZNdY:APA91bEf43j_ApNpso_3EiCA4XuCbrZxTz-ruHdMyqTlpKbCWqKztQnxWOlZiLi_ODQcxN3Mi3Fxy80A-y1n53llt_M1NSfLSdjZDd5jzl81X8_SN-gnMRbbC31mtpnm5yfqVrRRlVXD	ios	70
285	2017-12-03 20:09:55.98766+00	2017-12-03 20:09:55.987684+00	71	71	di232Ea90o0:APA91bF0zC8puINXX_qwAVoWqMp0ohPSGKH_t9Wd2ooMuREs4BWCECLE_ACJ8cI-b-dwuWTMDsVmIByGO83XjEtYd16HK2eQgtJO5iXzknZnXFQNMVT0RRZHWGfezkeb23MpqRoOTUpr	ios	71
\.


--
-- Name: users_push_settings_id_seq; Type: SEQUENCE SET; Schema: public; Owner: postgres
--

SELECT pg_catalog.setval('users_push_settings_id_seq', 285, true);


--
-- Data for Name: users_ratings; Type: TABLE DATA; Schema: public; Owner: postgres
--

COPY users_ratings (id, created_date, modified_date, modified_by, created_by, rate, source_user_id, target_user_id) FROM stdin;
1	2017-10-31 14:15:46.347275+00	2017-10-31 14:15:46.347302+00	2	2	1	2	5
2	2017-10-31 14:16:56.011637+00	2017-10-31 14:16:56.011664+00	2	2	5	2	5
3	2017-10-31 14:17:03.402618+00	2017-10-31 14:17:03.402643+00	2	2	5	2	5
4	2017-11-01 06:58:57.209148+00	2017-11-01 06:58:57.209181+00	2	2	5	2	5
5	2017-11-01 07:03:15.397582+00	2017-11-01 07:03:15.397606+00	2	2	5	2	5
6	2017-11-01 11:32:40.975393+00	2017-11-01 11:32:40.97542+00	2	2	5	2	5
7	2017-11-03 18:34:54.391125+00	2017-11-03 18:34:54.391152+00	2	2	5	2	5
8	2017-11-03 18:48:02.020647+00	2017-11-03 18:48:02.020675+00	5	5	5	5	2
9	2017-11-03 18:49:12.140877+00	2017-11-03 18:49:12.140904+00	5	5	5	5	2
10	2017-11-03 18:53:10.216398+00	2017-11-03 18:53:10.216425+00	5	5	5	5	2
11	2017-11-03 18:57:59.882907+00	2017-11-03 18:57:59.882943+00	5	5	5	5	2
12	2017-11-03 18:59:18.003136+00	2017-11-03 18:59:18.003162+00	5	5	5	5	2
13	2017-11-03 18:59:39.672828+00	2017-11-03 18:59:39.672855+00	5	5	5	5	2
14	2017-11-03 19:01:24.500548+00	2017-11-03 19:01:24.500573+00	5	5	5	5	2
15	2017-11-03 19:02:50.590374+00	2017-11-03 19:02:50.5904+00	5	5	5	5	2
16	2017-11-03 19:27:27.442907+00	2017-11-03 19:27:27.442946+00	5	5	5	5	2
17	2017-11-03 19:29:08.023831+00	2017-11-03 19:29:08.023857+00	5	5	5	5	2
18	2017-11-03 19:29:44.529175+00	2017-11-03 19:29:44.529202+00	5	5	5	5	2
19	2017-11-03 19:30:10.927037+00	2017-11-03 19:30:10.927063+00	5	5	5	5	2
20	2017-11-03 19:30:26.374023+00	2017-11-03 19:30:26.374049+00	5	5	5	5	2
21	2017-11-03 19:30:36.408519+00	2017-11-03 19:30:36.408545+00	2	2	5	2	5
22	2017-11-21 05:19:16.317355+00	2017-11-21 05:19:16.317381+00	61	61	5	61	23
23	2017-11-21 05:19:32.335521+00	2017-11-21 05:19:32.335547+00	61	61	5	61	23
24	2017-11-21 05:19:37.627739+00	2017-11-21 05:19:37.627766+00	61	61	5	61	23
\.


--
-- Name: users_ratings_id_seq; Type: SEQUENCE SET; Schema: public; Owner: postgres
--

SELECT pg_catalog.setval('users_ratings_id_seq', 24, true);


--
-- Data for Name: users_role; Type: TABLE DATA; Schema: public; Owner: postgres
--

COPY users_role (id, created_date, modified_date, modified_by, created_by, name) FROM stdin;
1	2017-09-01 18:41:01.012013+00	2017-09-01 18:41:01.012034+00	\N	\N	Administrator
2	2017-09-01 18:41:01.014125+00	2017-09-01 18:41:01.014145+00	\N	\N	User
\.


--
-- Name: users_role_id_seq; Type: SEQUENCE SET; Schema: public; Owner: postgres
--

SELECT pg_catalog.setval('users_role_id_seq', 2, true);


--
-- Data for Name: users_role_permissions; Type: TABLE DATA; Schema: public; Owner: postgres
--

COPY users_role_permissions (id, role_id, permission_id) FROM stdin;
\.


--
-- Name: users_role_permissions_id_seq; Type: SEQUENCE SET; Schema: public; Owner: postgres
--

SELECT pg_catalog.setval('users_role_permissions_id_seq', 1, false);


--
-- Data for Name: utilities; Type: TABLE DATA; Schema: public; Owner: postgres
--

COPY utilities (id, created_date, modified_date, modified_by, created_by, name, avatar, hotline, type, type_detail, address, identifier_number, website, latitude, longitude, start_date, start_time, end_time, due_date, title_advertisement, description_advertisement, is_movable, status, territory_id, description, location, manage_user_id, days, owner_user_id, rating, service_id) FROM stdin;
40	2017-11-09 09:46:06.42311+00	2017-11-09 10:17:33.257603+00	38	38	SA XE HAI BNH HI		0907441588	Sa xe hai bnh	Chuyn lm cc kiu xe hai bnh	811 ng Kha Vn Cn, Qun Th c, Thnh Ph H Ch Minh 720508, Vit Nam			10.856770	106.756890	\N	08:00:00	17:30:00	2018-11-10	Gim gi 30% cho khch trn ANGIA	Sa cha, bo dng Xe Ga - Xe S, cha hp ga, cha ting ku lch cch bnh sau Sh,  cn. Tim khng ch lm ni 5 loxo cho axelo. M cn lm ni 5 loxo hng chnh hng Umaracing cho exciter cn tay cc i v FZ nha.\nu im: Xe mnh hn, bc hn, bn hn, tit kim nhin liu, ae di tour leo o thoi mi nha. Uy tn bo hnh 01 nm.	f	1	7	\N	0101000020E6100000D82AC1E270B05A404963B48EAAB62540	23	366	38	5	\N
47	2017-11-09 13:46:44.52297+00	2017-11-09 14:13:30.369897+00	45	45	THC PHM SCH VIET GAP		0932581122	Thc Phm Sch	Chuyn bn thc phm c xut x	113 ng Hip Bnh, Qun Th c, Thnh Ph H Ch Minh, Vit Nam			10.843510	106.730670	\N	08:00:00	21:00:00	2018-11-10	Bnh n gi theo tiu ch nh nc	Cung cp thc phm sch, gi theo nim yt ca nh nc. c h tr bnh n gi.	f	1	7	\N	0101000020E6100000C68A1A4CC3AE5A40ABB2EF8AE0AF2540	23	366	45	5	\N
45	2017-11-09 11:50:36.719951+00	2017-11-09 13:03:29.499974+00	43	43	TIM IN HO BNH		0908252991	Bn  in	Chuyn bn s, bn l gi tt	07 L T Xuyn, P.Linh ng, Qun Th c, Thnh Ph H Ch Minh 720718, Vit Nam			10.854100	106.748180	\N	08:00:00	17:00:00	2018-11-10	Gim gi 10% khch cng trnh	Cadivi c h thng phn phi trn khp c nc, vi khong 2.000 ca hng trong  200 ca hng l i l phn phi cp 1 v 2.000 ca hng l i l phn phi cp 2\n\n       Chui h thng i l Cadivi  khu vc min Nam pht trin mnh nht c phn phi hu ht  cc thnh ph, tnh thnh nh Tp HCM, ng Nai, Bin Hoa, Binh Dng, Tp Vung Tau, Kontum, Gia Lai, Daklak, Bun Ma Thut, Daknong,  a Lat, Bo Lc Lm ng, Binh Phc, Long An, Kin Giang, Cn Th, Ninh Kiu ,Cn Th Bac Liu, Tp Bac Liu, Soc Trng, An Giang, Ch Mi An Giang, Tin Giang, Tp My Tho, Tin Giang, Bn Tre, Tp Bn Tre, Hu Giang, Tp Hu Giang, Ca Mau, Tp Ca Mau.	f	1	7	\N	0101000020E61000005DE15D2EE2AF5A40F7065F984CB52540	23	366	43	5	\N
41	2017-11-09 10:31:22.488049+00	2017-11-09 10:40:15.888297+00	39	39	KHCH SN NGI SAO		0913489358	Khch sn bnh dn	Cho thu ngh gi, qua m gi r	67 ng S 11, Qun Th c, Thnh Ph H Ch Minh, Vit Nam			10.845110	106.753710	\N	04:00:00	12:00:00	2018-11-10	Gi u 60k, gi k tip 10k, Qua m 120k	Khch sn chng ti rt hn hnh c phc v qu khch, phng thong mt gi r.	f	1	7	\N	0101000020E6100000C32ADEC83CB05A408D0B0742B2B02540	23	366	39	5	\N
44	2017-11-09 11:43:37.463469+00	2017-11-09 12:23:52.696878+00	42	42	B THUI CAO NGUYN 02		0986352979	Qun n	Chuyn b thui	56 ng Linh ng, P. Linh ng KP7, Qun Th c, Thnh Ph H Ch Minh 720717, Vit Nam			10.848060	106.746780	\N	17:00:00	12:00:00	2018-11-10	Gim gi 30% ho n khch t trn ANGIA	B Thui Cao Nguyn 02 knh cho qu khch : Vi mn n ti, ngon gi c rt ph hp. Phc v tt siu nhanh lun cn g ch cn \nvy tay l c ngay. Mn n c chng ti trang tr rt p phc v cc bn sinh nht hi ngh, Ko gian th thoi mi, sch s. Nhn vin phc v vui v, nhit tnh. Gim gi cho qu khch cui tun.	f	1	7	\N	0101000020E6100000A453573ECBAF5A406E179AEB34B22540	23	366	42	5	\N
43	2017-11-09 11:40:23.886103+00	2017-11-09 12:49:11.38648+00	41	41	SN GIAO DCH BS TRNG AN		0906998467	Nh t	Mua bn, cc loi bt ng sn	51 ng Linh ng A, KP7, Qun Th c, Thnh Ph H Ch Minh 720717, Vit Nam			10.848060	106.746780	\N	08:00:00	17:00:00	2018-11-10	H gi, cn tin, bn ngay	Chng ti ang cn bn gp : 22/36 ng s 22, phng Linh ng, Q.Th c\nMc gi : 1.2 t c thng lng cht xu\nDin tich:51 mThng tin m t\nBn nh 22/36 ng s 22, phng Linh ng, Th c.\nGn ng 3 L T Xuyn v ng 22, i din cafe Thy Tng, khu dn c cao ro.\nng rng 5m, s hng ring 2015.\nDT t 51m2=6.3x8.\nDT nh 20m2.\nSn rng tin , kinh doanh tp ha, un tc,...\nGi 1.19 t.\nLH: Cng ty t Trng An, 137 Linh ng, Th c.\nTel: 0906998467 - Lm.	f	1	7	\N	0101000020E6100000A453573ECBAF5A406E179AEB34B22540	23	366	41	5	\N
46	2017-11-09 13:41:18.592765+00	2017-11-09 14:14:07.93502+00	23	44	VA GO MIN TY THANH BNH		01696575829	Nh Phn Phi Go	Chuyn cung cp go min ty	74.A ng Hip Bnh, KP8, P.Hip Bnh Chnh, Qun Th c, Thnh Ph H Ch Minh 720715, Vit Nam			10.840830	106.731520	\N	\N	\N	2018-11-10			f	1	7	\N	0101000020E6100000AD174339D1AE5A40CAFD0E4581AE2540	23	366	44	5	\N
49	2017-11-09 16:32:21.644304+00	2017-11-10 03:35:35.977325+00	48	48	GIAO DCH BT NG SN		+84886387973	Mua bn, K gi, Cho thu BS	Mua bn, K gi, Lm giy t	01 ng Thng Nht, Qun Th c, Thnh Ph H Ch Minh, Vit Nam			10.839860	106.766720	\N	08:00:00	17:00:00	2018-11-10	Min ph giao dch thng 11/2017	Vn phng giao dch Bt ng sn Th c p dng nhng quy trnh lm vic chun ca  sn giao dch bt ng sn. Chng ti cung cp cho khch hng nhng dch v tin ch mi, hp dn, ph hp vi quy nh ca Php lut nh : Giao dch mua bn, chuyn nhng, thu, thu mua bt ng sn; Mi gii bt ng sn; T vn t vn bt ng sn.\n     Cng vi vic u t h thng c s s vt cht c nng cp,  qu trnh giao dch ca Qu khch c nhanh chng, chnh xc, trong qu trnh xy dng v pht trin, Sn giao dch Bt ng sn Th c cng c bit ch trng n vic u t ng dng cng ngh thng tin, vin thng hin i. Bn cnh , vic m phn lin kt vi cc ngn hng ln  h tr tn dng cng c Sn ng ra thc hin, to iu kin thun li cho khch hng trong vic hon tt cc th tc lin quanVi th mnh v kinh doanh bt ng sn v nh hng gip khch hng, m bo cung cp cho khch hng h thng sn phm, dch v bt ng sn tt nht vi chi ph giao dch u i nht.\n      Khch hng n giao dch ti Sn giao dch Bt ng sn Th c lun cm thy thoi mi, hi lng vi h thng th vin thng tin y  v chun xc. iu c bit th v l ti y, khch hng s c tham kho bn v, bn thit k m phng, bn quy hoch hin ti l thng tin l tng  cc nh u t bt ng sn giao dch, trao i thng tin, m rng quan h v kt ni u t.\n     Vn phng giao dch Bt ng sn Th c p dng nhng quy trnh lm vic chun ca  sn giao dch bt ng sn. Chng ti cung cp cho khch hng nhng dch v tin ch mi, hp dn, ph hp vi quy nh ca Php lut nh : Giao dch mua bn, chuyn nhng, thu, thu mua bt ng sn; Mi gii bt ng sn; T vn t vn bt ng sn.\n     Cng vi vic u t h thng c s s vt cht c nng cp,  qu trnh giao dch ca Qu khch c nhanh chng, chnh xc, trong qu trnh xy dng v pht trin, Sn giao dch Bt ng sn Th c cng c bit ch trng n vic u t ng dng cng ngh thng tin, vin thng hin i. Bn cnh , vic m phn lin kt vi cc ngn hng ln  h tr tn dng cng c Sn ng ra thc hin, to iu kin thun li cho khch hng trong vic hon tt cc th tc lin quanVi th mnh v kinh doanh bt ng sn v nh hng gip khch hng, m bo cung cp cho khch hng h thng sn phm, dch v bt ng sn tt nht vi chi ph giao dch u i nht.\n      Khch hng n giao dch ti Sn giao dch Bt ng sn Th c lun cm thy thoi mi, hi lng vi h thng th vin thng tin y  v chun xc. iu c bit th v l ti y, khch hng s c tham kho bn v, bn thit k m phng, bn quy hoch hin ti l thng tin l tng  cc nh u t bt ng sn giao dch, trao i thng tin, m rng quan h v kt ni u t.	f	1	7	\N	0101000020E61000001B4CC3F011B15A40E76F422102AE2540	23	366	48	5	\N
50	2017-11-10 02:08:45.866773+00	2017-11-10 03:44:29.601167+00	50	50	CHU CHI CAKES		0912303699	Cafe - Tr - Bnh	Phc v lch s chu o	70 ng D3, Bnh Thnh, Thnh Ph H Ch Minh, Vit Nam			10.804300	106.715190	\N	07:00:00	23:00:00	2018-11-11	Min ph 20% bill thnh vin ANGIA	C bn b no sinh nht thch mt chic bnh bp b nh ny hng nh!?\nCc m mun t bnh sinh nht cho b hy gi Tim  nhn c s phc v tt nht nh !\n--------------------------\nTim #ChauChiCakes nhn t bnh sinh nht, event, teabreak...\nTim c khng gian ngi ti ch xinh xn, m p  cc bn c th thng thc tr - cafe - bnh ngt na nhe\n--------------------------\n Mi cc bn gh qua Tim a ch: 316 D3 (s mi 70 D3), phng 25, qun Bnh Thnh, TP HCM. \nng tm d lm nh! Nu i t in Bin Ph, cc bn r D2, i tip qua hai ng r n ng r th 3 th r tri l D3, i vo 50m l thy Tim ChauChiCakes ngay ri!\nTo Ngoc Mai Nga Thuy Tan	f	1	7	\N	0101000020E6100000481B47ACC5AD5A407958A835CD9B2540	23	366	50	5	\N
55	2017-11-10 07:02:40.051061+00	2017-11-10 07:33:32.929579+00	55	55	SA CHA IN C ON KT		0908955548	Chuyn sa cha, khoan ging	Phc v ti nh	531A ng L Quang nh, P1, Qun G Vp, Thnh Ph H Ch Minh, Vit Nam			10.819880	106.689970	\N	08:00:00	17:00:00	2018-11-11	Qun my bm, khoan ging uy tn	Chng ti c hn chc nm kinh nghim chuyn sa cha khoan ging lp t cc loi my bm cng xut theo yu cu. Rt mong c phc v qu khch.	f	1	7	\N	0101000020E6100000274EEE7728AC5A40F949B54FC7A32540	23	366	55	5	\N
51	2017-11-10 02:22:39.121756+00	2017-11-10 04:04:09.026597+00	51	51	SA XE TN NHT		0903615997	Sa cha xe hai bnh	Chuyn thay v v, lm my	40 ng in Bin Ph, Bnh Thnh, Thnh Ph H Ch Minh, Vit Nam			10.794360	106.701760	\N	08:00:00	17:00:00	2018-11-11	Gim gi 20% ae chy xe cng ngh	Nhanh chun chnh xc. Rt mong c phc v cc sp.	f	1	7	\N	0101000020E61000000569C6A2E9AC5A4049809A5AB6962540	23	366	51	5	\N
54	2017-11-10 06:52:39.824957+00	2017-11-10 07:50:17.828721+00	54	54	BK - SPORT		0937141518	Chuyn Gym - Yoga - Aerobice	Phc v lm p	63 ng Quang Trung, Qun G Vp, Thnh Ph H Ch Minh, Vit Nam			10.827570	106.676710	\N	08:00:00	22:00:00	2018-11-11	Gim gi 20% khch mua ln 02	BK - SPORT hin ang c nhiu mu mi v. Qu khch quan tm ngh lun ko ht nha.	f	1	7	\N	0101000020E610000013B875374FAB5A402B4D4A41B7A72540	23	366	54	5	\N
52	2017-11-10 02:39:04.027726+00	2017-11-10 04:14:47.090447+00	52	52	TRUNG TM CHM SC XE 2H		0938422423	Chm sc xe hi	Ra bo dng xe hi	01 ng 20, P. An Ph, Qun 2, Thnh Ph H Ch Minh, Vit Nam			10.800340	106.741730	\N	06:00:00	18:00:00	2018-11-11	Rt mong c phc cc thng !	Chng ti lun lun phn u  tt hn na. Ch tn l tiu ch hng u ca chng ti.	f	1	7	\N	0101000020E6100000931D1B8178AF5A407D5C1B2AC6992540	23	366	52	5	\N
53	2017-11-10 06:07:51.406002+00	2017-11-10 07:42:11.688997+00	53	53	HOA SI GN - DAVID NGUYN		0908881818	Mua bn, thit k hoa cao cp	Phc ton quc	98 V Th Su, Qun 1, Thnh Ph H Ch Minh, Vit Nam			10.787740	106.692030	\N	08:30:00	22:30:00	2018-11-11	Uy tn cht lng  l DAVID NGUYN	Cung cp s l cc loi mu m theo yu cu.	f	1	7	\N	0101000020E6100000757632384AAC5A40888043A852932540	23	366	53	5	\N
56	2017-11-11 07:45:30.501379+00	2017-11-11 08:18:24.18178+00	56	56	HACHI HACHI		02835885898	 dng nht bn	Bn bun bn l	527D Phan Vn Tr, Qun G Vp, Thnh Ph H Ch Minh, Vit Nam			10.824820	106.690800	\N	07:30:00	09:30:00	2018-11-12	Gim gi 10% cho khch hng trn ANGIA	XC XCH CH C KAMABOKO - MN KHOI KHU CA CC B  v hng li ri n c nh  \nVi nguyn liu ti ngon t tht c Nht Bn kt hp 10% ph mai c sn Hokkaido cho hng v thm ngon ha quyn m , b dng v c bit AN TON CHO SC KHE \n----------------------------------------------------\nC nh c th xem sn phm v t hng online ti link sau: http://www.hachihachi.com.vn/Search.aspx?a=KAMABOKO\n Tng i bn hng online: 1800 1245 (gi hnh chnh t th 2 ~ th 6, min ph cc gi).\nHoc mua ti h thng cc ca hng Hachi Hachi:\n 173 Nguyn Vn Tri, P. 11, Q. Ph Nhun, TPHCM - 028.3997.0490 \n 234 ng 3/2, P.12, Q.10, TPHCM - 028.3868.4656 \n 1030 Nguyn Vn Linh, P. Tn Phong, Q.7, TPHCM - 028.5410.1824 \n 224A Pasteur, P.6, Q.3, TPHCM - 028.3820.6057\n 527D Phan Vn Tr, P.5, Q. G Vp, TPHCM - 028.3588.5898\n*** S lng sn phm c hn - Qu khch vui lng lin h ca hng trc khi gh mua nh! \n#hangnhatxachtay\n#hangnhatnoidia	f	1	7	\N	0101000020E6100000EA04341136AC5A40672C9ACE4EA62540	23	366	56	5	\N
65	2017-11-19 16:05:15.356918+00	2017-11-19 16:10:39.869609+00	60	60	VINMART		0423666888	Siu Th	Hng tiu dng gia nh, thc phm	ng Tn Xun, Qun Nam T Lim, Thnh Ph H Ni, Vit Nam		http://vingroup.com	21.089800	105.791060	\N	06:00:00	22:00:00	2020-12-30	Gi vng Ch Nht hng tun	GII THIU VINMART+\n\nVINMART+ TI NGON & TIN LI\n\nVinMart+ l m hnh ca hng bn l tin li v cng ng, c quy m v  ph ln nht Vit Nam; l ni cung cp hng ho, thc phm an ton v dch v tin ch cho mi gia nh vi s mnh nng cao cht lng cuc sng ca ngi Vit.\n\nH 05 gi tr ct li m VinMart+ mang li cho khch hng:\n\nHNG HA CHT LNG CAO, MINH BCH NGUN GC: Vi quy trnh kim sot cht ch ti VinMart+, khch hng c th hon ton an tm v cht lng v xut x ca hng ho. Cng vi s gp mt ca cc sn phm nhn hng ring nh Vineco, Vinmart Cook, VinMart Home c Vingroup u t sn xut / ch bin vi quy m ln, bi bn v chuyn nghip, VinMart+ lun cung cp nhng la chn a dng v hng ha, gi c hp l, m bo an ton cho sc khe cng ng.\nMUA SM THUN TIN, GN NGAY ST NH: VinMart+ ng u v s lng ca hng v  ph trn ton quc, gn b mt thit vi cc cng ng dn c, gip khch hng d dng tip cn mua sm v s dng dch v.\nMT IM N, TRN NHU CU: VinMart+ t nhu cu v li ch ca khch hng ln hng u, lun tm ti v ci tin khng ngng  em n gii php tng th v ti u nht v hng ho v dch v tin ch phc v cuc sng.\nTHN THIN V TN TM: Ca hng Vinmart+  c thit k v b tr thn thin, ch dn r rng. Nhn vin phc v tn tm v t vn tn tnh v li ch ca khch hng.\nPHT TRIN V CNG NG: Tn ch ca VinMart+ l hot ng kinh doanh bn vng, c trch nhim v mi trng, v cng ng v v s pht trin ca x hi.  \nCc ca hng VinMart+ nm  cc khu vc ng dn c, giao thng thun li; c din tch ln; cung cp nhiu ngnh hng a dng. C hng ngn mt hng thuc rau c qu VinEco, thc phm ch bin sn VinMart Cook, thc phm ti sng, thc phm kh, b sa,  ung , ha m phm,  dng gia nh,...  p ng nhu cu ca khch hng a phng v du khch.\n\nVi tm nhn di hn v mong mun pht trin bn vng h thng siu th v ca hng tin li, mang n cho ngi tiu dng tri nghim mua sm th v vi nhiu la chn v sn phm, VinMart+ s ph rng khp Vit Nam vi 1.000 ca hng tin ch.\n\nVinMart+  v ang n lc khng ngng  hon thnh s mnh ca mnh: NI AN TM MUA SM cho mi nh, p ng y  yu cu ca khch hng; mang n s thun tin, an ton tuyt i khi s dng sn phm; gia tng cc gi tr; nng cao i sng ca ngi tiu dng trong bi cnh th trng hin i; m rng v pht trin ngnh bn l rng khp ti Vit Nam.\n\nNgoi ra, VinMart+ cn ch trng xy dng mi trng lm vic chuyn nghip, nng ng, sng to v nhn vn; to iu kin v c hi pht trin cng bng cho tt c nhn vin; coi trng ngi lao ng nh l ti sn qu gi nht; ng thi tch cc ng gp vo cc hot ng x hi, hng v cng ng vi nhng thng ip mang tnh nhn vn.	f	1	7	\N	0101000020E6100000984C158C4A725A4067614F3BFC153540	23	1137	60	5	\N
57	2017-11-11 09:27:48.022316+00	2017-11-12 18:21:54.632393+00	2	57	XIN QUE NNG F2		0933661788	 nng xin que	Qun nhu, thong mt, lch s	27F ng Cng L, Qun Th c, Thnh Ph H Ch Minh, Vit Nam			10.847070	106.767910	\N	16:00:00	12:00:00	2018-11-12	Min ph gi vng	Qun chuyn v lu nhng v cc loi  nng nhng mnh ch hay n lu nhng ch khng hay n  nng .\nV tr : qun c tn 3 chi nhnh nm gn nhau , qun c mt bng l tng thong mt v ngi thoi mi hn.\n n : bc vo qun bn s la chn cc loi xin , rt nhiu la chn lun nha : c ,tm , u h ,c vin , rau , thanh cua , vin trng c , u h c trng c bn trong, nm,...vv . Bn c chn nhng g bn thch ri em ra bn l chin\n- p v rt va n. Vi mn nng nh b cun th thm ch l n rt ngon. Lu cng nm nm va.\n- Nc chm kh n, cng c 2 3 loi\n- Mn n kh phong ph, va   p ng tt hu nh cc yu cu a dng\n- Nc lu : chua , cay va ti , khng qu chua nhng hi cay xu , c s . Tm li l nc lu ngon siu ngon , nhc l li thm , tri ma xong i n lu nhng l ngon ht sy ng b by lun , gi thm nc lu ,nc ung  loi lun,n xong ng ln ri v. \nGi c : Bnh dn, ngy no cng chin tt, mi ngi ch 50k l okie. \nNhn vin : nhit tnh , d thng .	f	1	7	\N	0101000020E61000005E11FC6F25B15A406FD8B628B3B12540	23	366	57	5	1
59	2017-11-19 06:51:59.548745+00	2017-11-19 15:56:36.951427+00	23	46	xe om hong anh		0913248899	sh/2015/2 ch	chuyn ch khch vip		30H - 12512		10.845060	106.753770	\N	\N	\N	2018-11-20			t	1	7	\N	0101000020E6100000401878EE3DB05A40FF959526A5B02540	23	366	46	5	\N
60	2017-11-19 13:03:11.499797+00	2017-11-19 13:12:11.802147+00	60	60	 Thi Nguyn Linh		0988449121	Bn l r nh bn bun	Mua ti CH	ng Tn Xun, Qun Nam T Lim, Thnh Ph H Ni, Vit Nam			21.089800	105.791060	\N	07:00:00	18:00:00	2018-11-20	Gim gi 20%	abc	f	1	7	\N	0101000020E6100000984C158C4A725A40AE0D15E3FC153540	23	366	60	5	\N
62	2017-11-19 14:36:59.750729+00	2017-11-19 14:47:18.391501+00	60	60	Cty TNHH Qung Co Vng Pht		0912345678	Lm bin Qung Co	Chuyn cc loi bin bt, bin led, ch ni, hp n	106 Thu Phng - ng Ngc, Qun Nam T Lim, Thnh Ph H Ni, Vit Nam			21.089800	105.791060	\N	08:00:00	17:00:00	2020-12-31	Lm bin qung co	CNG TY TNHH NI THT & QUNG CO MTK c thnh lp bi nhng chuyn gia thit k v sn xut lu nm trong ngnh thit k v thi cng bin qung co. Chng ti c y  nng lc  tin hnh thit k, thi cng, hon thin tt c cc loi bin qung co trn mi cht liu hin nay.\n\nChng ti lun mong mun sn phm ca MTK gip khch hng nng cao gi tr thng hiu thng qua h thng cc bin, bng. Gi tr mt thng hiu khng phi ch l mt ti sn v hnh m n cn cu thnh nn gi tr chung cho ton doanh nghip khi gip doanh nghip tip cn c vi nhiu khch hng hn, gia tng s pht trin thng hiu. MTK c kinh nghim ni bt trong cc hot ng sau:\n\nBin qung co in bt\nBin qung co p Aluminium\nBin qung co ch ni\nBin ch ni\nBin hp n siu mng\nBin tn cng ty, phng ban, chc danh\nBin ch dn, bin s nh\nBin vy qung co\nBin qung co LED\nKhay mica, k mica  bn, menu mica\nHy lin h NGAY vi chng ti  c t vn chnh xc v phc v chuyn nghip. MTK lun cam kt phc v khch hng theo 3 tiu ch\n\n1. TRC TIP: Mi dch v ca qung co Mai Tng Khnh u c thc hin trc tip, m bo thun tin cho khch hng (bao gm c thit k nu khch hng c nhu cu).\n\n2. UY TN: Mi sn phm ca qung co MTK u c m bo ng theo tha thun vi khch hng v dch v, cht liu, tin , cht lng\n\n3. CNH TRANH: Mi bo gi qung co Mai Tng Khnh a ra u l gi bo m c li xut ti thiu ca cng ty v cnh tranh cho khch hng, ph hp vi cht lng dch v v sn phm.\n\nRt mong nhn c s quan tm v hp tc ca  qu v!\n\nTrn trng!\n\n \n\nCNG TY TNHH NI THT & QUNG CO MTK\n\nVPGD: S 16 ng 139 M nh - T Lim - HN \nXng SX: 22 K2 Cu Din - T Lim - HN \n/T: 04 6689 1144 -  Hotline: 0973 620 333\nEmail: bienquangcaomtk@gmail.com \nSkype & Yahoo: quangcaomtk	f	1	7	\N	0101000020E6100000984C158C4A725A4067614F3BFC153540	23	1138	60	5	\N
64	2017-11-19 15:36:36.094663+00	2017-11-19 15:48:01.89601+00	60	60	BNH KO TRNG AN		0934112788	Cng ty sn xut Bnh Ko	Bnh mt ko, bnh trung thu....	14 Hong Quc Vit - Ngha , Qun Nam T Lim, Thnh Ph H Ni, Vit Nam		http://banhkeotrangan.com	21.089800	105.791060	\N	09:00:00	21:00:00	2030-12-30	Bnh ko c truyn VN	52 nm l mt chng ng di khng ngng cng c v pht trin ca cn b cng nhn vin nhiu th h,  xy dng nn mt thng hiu Bnh ko Trng An.\nCng ty C phn Trng An (Trng An) tin thn l X nghip Cng t hp danh Bnh  Mt  Ko H Ni, t sau gii phng th  v c thnh lp X nghip quc doanh 1964, nm 1975 tch ra thnh 2 x nghip: X nghip Bnh - Mt - Ko H Ni (thuc Cng ty Thng nghip H Ni) v X nghip Ko H Ni (thuc Cc Cng nghip H Ni). Trng An chnh l mt phn nhnh c ni tip pht trin t X nghip ko H Ni (1975) - Nh my ko H Ni (1989) - Cng ty Bnh ko Trng An (1991) v ngy 1/10/2004 (sau 40 nm pht trin), cng ty  chuyn i sang m hnh cng ty c phn vi 51% vn iu l thuc Thnh ph H Ni qun l.\n \nT mt x nghip nh, n nay, bnh ko Trng An  chim th phn ng k vi 4 cng ty thnh vin (tr s ti cc tnh thnh: H Ni, Thanh Ha, Ngh An, Bn Tre), doanh thu nm 2016 d kin 620 t ng(tng hn 12 ln so vi trc khi c phn ho - 2004), to cng n vic lm cho hng nghn lao ng v ng thu cho nh nc hng chc t ng.\nNhiu nm qua ngi tiu dng bit ti Trng An vi sn phm ko Hng cm, c trng hng cm lng Vng H Ni. Sn phm bnh ko Trng An  c nhn gii thng Hng Vit Nam cht lng cao trong nhiu nm qua. Cng t nhng sn phm mi nhn truyn  thng ti nay Trng An  pht trin hng chc mu m sn phm ph hp vi khu v ca ngi Vit Nam.\nTrng An, mt trong nhng thng hiu ni ting Vit Nam,  khng nh tn tui bng cht lng sn phm v s tin yu ca ngi tiu dng.\nLy ngi tiu dng lm trng tm cho mi hot ng, chng ti lun tin phong trong vic to ra xu hng tiu dng trong ngnh thc phm v lun sng to  phc v ngi tiu dng nhng sn phm an ton, thm ngon, dinh dng. Lun t i hi cao hn  chnh mnh, Trng An  v ang khng ngng n lc a dng ha sn phm ng thi m rng v khai thc nhng ngnh hng mi, hng n phc v nhu cu thit yu hng ngy ca ngi tiu dng	f	1	7	\N	0101000020E610000087E123624A725A40CBBE2B82FF153540	23	4789	60	5	\N
61	2017-11-19 13:26:43.558973+00	2017-11-19 13:33:32.698388+00	60	60	Cm GRAB		0975122833	Cm bnh dn	bsjskskl	ng Tn Xun, Qun Nam T Lim, Thnh Ph H Ni, Vit Nam			21.089800	105.791060	\N	11:00:00	13:00:00	2020-11-20	Cm dnh cho ti x	Cm ship tn ni vo cc bui tra t 11h-11h30\nKo tnh ph ship\nShip cc ng:........\nCm vo cc ngy:......	f	1	7	\N	0101000020E6100000984C158C4A725A40AE0D15E3FC153540	23	1097	60	5	\N
66	2017-11-30 10:33:33.662863+00	2017-11-30 10:34:12.040802+00	2	2	Rp ci Thu Cc		01692677217	Ci hi	dch v ci hi trn gi	phng l mao, H. Thanh Chng, Tnh Ngh An, Vietnam			18.698020	105.369880	\N	\N	\N	2017-12-10			f	1	5	\N	0101000020E61000003255302AA9575A4051A5660FB4B23240	2	10	2	5	\N
67	2017-11-30 12:51:36.483313+00	2017-11-30 13:00:03.344289+00	69	69	zozo		0987777777	aa	aa	ng L Trung Ngha, Tan Binh, Ho Chi Minh City, Vietnam			10.800580	106.650990	\N	20:58:00	22:58:00	2018-12-01	hang moi	Fff	f	1	5	\N	0101000020E61000007901F6D1A9A95A40D2A92B9FE5992540	69	366	69	5	\N
48	2017-11-09 14:48:59.783189+00	2017-11-11 07:12:58.859204+00	46	46	LIMOUSINE HCM - CN TH		0913439517	Mercedes/2015/09 ch	Xut bn : 8h30 HCM - CN TH	50H - 68368 < Camrry 2015 >	59N - 36136 < Mercedes 2015 >		10.845060	106.753770	\N	04:30:00	23:30:00	2018-11-10	C khuyn mi cho khch i thng xuyn.	V tr gh ngi : 1-2 < Thng > \nGI : 120.000 VND\nCNG XC USB : C\nXOAY 360 : KHNG C\n\nV tr gh ngi : 3-4-5-6 < VIP >\nGI : 180.000 VND\nCNG XC USB : C\nXOAY 360 : C\n\nV tr gh ngi : 7-8-9 < Trung >\nGI : 160.000 VND\nCNG XC USB : C\nXOAY 360 : KHNG C\n\nLCH XE 59N - 36136 < Nguyn Long >\n\nXUT BN CHY : TP. CN TH - TP. HCM \n      6h30  -  10h\n      7h30  -   11h\n\nXUT BN CHY : TP. HCM - TP. CN TH\n      5h00  -  9h00\n       6h30  -  10h30\nSN NGUYN LIMOUSINE 07.103.696.678\nChng ti nhn chuyn pht nhanh.	t	1	7	\N	0101000020E6100000D595CFF23CB05A4038DBDC989EB02540	23	366	46	5	\N
63	2017-11-19 15:04:12.27553+00	2017-11-19 15:09:17.554071+00	60	60	C PH MILANO		0909876543	Qun Cafe	Cafe ht rang xay	S 40 ng 133 Thi H, Qun Nam T Lim, Thnh Ph H Ni, Vit Nam			21.089800	105.791060	\N	06:00:00	23:00:00	2017-12-30	Gim gi 20%/bill 1 triu	T mong mun tr thnh mt nh rang xay cht lng cao, chng ti  la chn nhng ngun c ph ngon nht vng trung du nh Ban M, C'm gar, Cu t-  lt, Lm H, Di linh... v c bit t pht trin ngun nguyn liu, tuyn la v ch bin t 100%  rang v cung cp sn phm cafe sch, nguyn cht cht lng. Dakland Coffee  p dng quy trnh chun mc  pht trin cc dng sn phm cafe truyn thng xanh, sch v rang xay vi nim tin rng c ph sch s l gi tr cao nht m cng ty s gi n Qy khch hng. Do vy, Dakland lun n lc to ra cc sn phm ca mnh cht lng nht, a dng nht, vi dch v tt nht  p ng hu ht cc nhu cu ca Qy khch hng khp c nc, v cc tn  c ph snh iu trn th gii.	f	1	7	\N	0101000020E6100000984C158C4A725A4067614F3BFC153540	23	41	60	5	\N
\.


--
-- Name: utilities_id_seq; Type: SEQUENCE SET; Schema: public; Owner: postgres
--

SELECT pg_catalog.setval('utilities_id_seq', 67, true);


--
-- Name: utility_id_seq; Type: SEQUENCE SET; Schema: public; Owner: postgres
--

SELECT pg_catalog.setval('utility_id_seq', 1, false);


--
-- Data for Name: utility_image; Type: TABLE DATA; Schema: public; Owner: postgres
--

COPY utility_image (id, created_date, modified_date, modified_by, created_by, image, "order", utility_id) FROM stdin;
68	2017-11-09 10:15:38.823931+00	2017-11-09 10:15:38.823959+00	38	38	http://angia.s3.amazonaws.com/utility/7af83fdd-43a2-4789-8e17-e210b90c7e0a.jpg	0	40
69	2017-11-09 10:15:53.343509+00	2017-11-09 10:15:53.343535+00	38	38	http://angia.s3.amazonaws.com/utility/2ea00dd5-7b89-4cd1-a308-6127e2234e3b.jpg	1	40
70	2017-11-09 10:16:02.361128+00	2017-11-09 10:16:02.361156+00	38	38	http://angia.s3.amazonaws.com/utility/93901d20-9b1d-41ed-bced-3e2c6c03effd.jpg	2	40
71	2017-11-09 10:16:10.648031+00	2017-11-09 10:16:10.648057+00	38	38	http://angia.s3.amazonaws.com/utility/fa636856-04ed-4b28-ae38-56b20fb62d97.jpg	3	40
72	2017-11-09 10:16:27.674123+00	2017-11-09 10:16:27.674154+00	38	38	http://angia.s3.amazonaws.com/utility/d0e362fa-f196-4afa-83fc-26f51b9c486a.jpg	4	40
73	2017-11-09 10:16:40.67089+00	2017-11-09 10:16:40.670916+00	38	38	http://angia.s3.amazonaws.com/utility/29af9744-f335-4a8c-bc43-ed003efd5121.jpg	5	40
75	2017-11-09 10:42:24.383965+00	2017-11-09 10:42:24.383992+00	39	39	http://angia.s3.amazonaws.com/utility/cc2a53c7-0215-4a90-b364-ef09cbce5aec.jpg	1	41
76	2017-11-09 10:42:31.730608+00	2017-11-09 10:42:31.730635+00	39	39	http://angia.s3.amazonaws.com/utility/59bba1ed-baee-452e-a2b1-6553ba1abd3b.jpg	2	41
77	2017-11-09 10:42:56.073178+00	2017-11-09 10:42:56.073206+00	39	39	http://angia.s3.amazonaws.com/utility/61833870-ca60-442e-a077-d5f4f31617f5.jpg	3	41
78	2017-11-09 10:43:02.985192+00	2017-11-09 10:43:02.98522+00	39	39	http://angia.s3.amazonaws.com/utility/a5f38525-d008-4699-a442-e3cfd185867f.jpg	4	41
79	2017-11-09 10:43:13.728748+00	2017-11-09 10:43:13.728775+00	39	39	http://angia.s3.amazonaws.com/utility/4e3ab067-dc08-4036-94f3-d4890a38f1f6.jpg	5	41
80	2017-11-09 10:45:09.429689+00	2017-11-09 10:45:09.429717+00	39	39	http://angia.s3.amazonaws.com/utility/95e89b7c-4e74-4219-9b71-89f9b6197471.jpg	5	41
81	2017-11-09 12:11:17.891365+00	2017-11-09 12:11:17.89139+00	42	42	http://angia.s3.amazonaws.com/utility/c627fb60-f315-48e4-827a-d0b791e87cf5.jpg	0	44
82	2017-11-09 12:11:27.504989+00	2017-11-09 12:11:27.505015+00	42	42	http://angia.s3.amazonaws.com/utility/8eab782e-c1f0-43ee-989b-4caec22631be.jpg	1	44
83	2017-11-09 12:11:36.437559+00	2017-11-09 12:11:36.437586+00	42	42	http://angia.s3.amazonaws.com/utility/7eb95491-a295-4124-97e5-f057cd1e85aa.jpg	2	44
84	2017-11-09 12:12:58.545607+00	2017-11-09 12:12:58.545634+00	42	42	http://angia.s3.amazonaws.com/utility/fb1630c6-6a0b-4dc3-927b-f6a04169997e.jpg	3	44
85	2017-11-09 12:15:33.237254+00	2017-11-09 12:15:33.237282+00	42	42	http://angia.s3.amazonaws.com/utility/a3e3d93b-2c10-4786-9c89-1c5880bac9bd.jpg	4	44
86	2017-11-09 12:15:51.500275+00	2017-11-09 12:15:51.500301+00	42	42	http://angia.s3.amazonaws.com/utility/6e817ac4-134e-40b0-b3db-a307d7c2c35a.jpg	5	44
87	2017-11-09 12:39:12.812955+00	2017-11-09 12:39:12.812982+00	41	41	http://angia.s3.amazonaws.com/utility/820b4950-1b85-4f9b-bdb5-fa695149affb.jpg	0	43
88	2017-11-09 12:39:25.854449+00	2017-11-09 12:39:25.854476+00	41	41	http://angia.s3.amazonaws.com/utility/317d9b9b-371b-43a7-9411-6c52be99372d.jpg	1	43
89	2017-11-09 12:39:41.511332+00	2017-11-09 12:39:41.511359+00	41	41	http://angia.s3.amazonaws.com/utility/46fc0c56-38b6-46a0-9606-459364110391.jpg	2	43
90	2017-11-09 12:39:50.15815+00	2017-11-09 12:39:50.158179+00	41	41	http://angia.s3.amazonaws.com/utility/831f6406-de05-40fc-a05c-c1d6d71eac96.jpg	3	43
91	2017-11-09 12:40:02.23148+00	2017-11-09 12:40:02.231507+00	41	41	http://angia.s3.amazonaws.com/utility/49c5354c-13fc-45de-83a1-37e1c6dcb3e2.jpg	4	43
93	2017-11-09 12:40:53.295457+00	2017-11-09 12:40:53.295485+00	41	41	http://angia.s3.amazonaws.com/utility/fdb39b88-f1e4-4be2-8d40-1a833ea35caf.jpg	5	43
94	2017-11-09 12:59:12.062941+00	2017-11-09 12:59:12.062968+00	43	43	http://angia.s3.amazonaws.com/utility/a4791a5a-2999-4e90-b949-7b8f457d424b.jpg	0	45
95	2017-11-09 12:59:25.183189+00	2017-11-09 12:59:25.183215+00	43	43	http://angia.s3.amazonaws.com/utility/b9a5c35a-e733-4407-bcdb-6cd60622c5ba.jpg	1	45
96	2017-11-09 12:59:32.924151+00	2017-11-09 12:59:32.924178+00	43	43	http://angia.s3.amazonaws.com/utility/90eebe88-39bc-4981-ac29-2be014cc3363.jpg	2	45
97	2017-11-09 12:59:42.228973+00	2017-11-09 12:59:42.228999+00	43	43	http://angia.s3.amazonaws.com/utility/9b45fdbe-161b-4e58-b96d-e5c7a466e32c.jpg	3	45
98	2017-11-09 12:59:54.12492+00	2017-11-09 12:59:54.124947+00	43	43	http://angia.s3.amazonaws.com/utility/85cd7d6f-4eda-49f2-9029-75fbcb279916.jpg	4	45
99	2017-11-09 13:00:02.327834+00	2017-11-09 13:00:02.327862+00	43	43	http://angia.s3.amazonaws.com/utility/0a1db1f3-82f8-4ce6-80c2-57d1158fbed3.jpg	5	45
100	2017-11-09 14:10:33.769908+00	2017-11-09 14:10:33.769934+00	45	45	http://angia.s3.amazonaws.com/utility/7e4f0d92-d4c5-463c-9f9f-daae3acf9a77.jpg	0	47
101	2017-11-09 14:10:47.672091+00	2017-11-09 14:10:47.672119+00	45	45	http://angia.s3.amazonaws.com/utility/46ca65de-704b-4895-8163-03da6cbfb22a.jpg	1	47
102	2017-11-09 14:11:01.082523+00	2017-11-09 14:11:01.082552+00	45	45	http://angia.s3.amazonaws.com/utility/2a556104-f5eb-4dcf-953c-3b56aeb6cdf9.jpg	2	47
103	2017-11-09 14:11:11.910545+00	2017-11-09 14:11:11.910574+00	45	45	http://angia.s3.amazonaws.com/utility/b5926c16-747d-40a5-87d9-658ea62b5b64.jpg	3	47
104	2017-11-09 14:11:20.364353+00	2017-11-09 14:11:20.36438+00	45	45	http://angia.s3.amazonaws.com/utility/f3091b17-4241-41c3-8032-a184fb673da7.jpg	4	47
105	2017-11-09 14:11:31.149479+00	2017-11-09 14:11:31.149506+00	45	45	http://angia.s3.amazonaws.com/utility/a4fdc50a-4463-466b-adc3-138f6d13e2ad.jpg	5	47
106	2017-11-09 14:21:41.888654+00	2017-11-09 14:21:41.888683+00	44	44	http://angia.s3.amazonaws.com/utility/872fdb14-fc72-47fa-9cd3-2494d3fe299e.jpg	0	46
107	2017-11-09 14:21:51.988067+00	2017-11-09 14:21:51.9881+00	44	44	http://angia.s3.amazonaws.com/utility/445fea88-c35f-4e4c-94fb-6fd222251a07.jpg	1	46
108	2017-11-09 14:21:58.784919+00	2017-11-09 14:21:58.784947+00	44	44	http://angia.s3.amazonaws.com/utility/f24f4bc7-6f23-42e3-916f-c1d39fd8e170.jpg	2	46
109	2017-11-09 14:22:10.938479+00	2017-11-09 14:22:10.938505+00	44	44	http://angia.s3.amazonaws.com/utility/56ab874d-8590-4450-ab5d-ad0922af8e73.jpg	3	46
111	2017-11-09 14:22:36.638841+00	2017-11-09 14:22:36.638865+00	44	44	http://angia.s3.amazonaws.com/utility/fb7ac709-d58e-42fb-99ce-a49c9aba23b7.jpg	4	46
112	2017-11-09 14:23:18.786246+00	2017-11-09 14:23:18.786273+00	44	44	http://angia.s3.amazonaws.com/utility/46168245-79e9-49dc-81a3-63d8bcebf4aa.jpg	5	46
116	2017-11-09 16:53:56.313346+00	2017-11-09 16:53:56.313373+00	48	48	http://angia.s3.amazonaws.com/utility/47b6f774-8d10-4689-8346-ae6bfedb4282.jpg	0	49
117	2017-11-09 16:54:05.159096+00	2017-11-09 16:54:05.159122+00	48	48	http://angia.s3.amazonaws.com/utility/aeedf6e5-e135-48a0-bf85-96d196e88d0a.jpg	1	49
118	2017-11-09 16:54:13.81065+00	2017-11-09 16:54:13.810689+00	48	48	http://angia.s3.amazonaws.com/utility/f291e725-1e06-45e5-b4ab-a9043fcf77ea.jpg	2	49
119	2017-11-09 16:54:27.308504+00	2017-11-09 16:54:27.308531+00	48	48	http://angia.s3.amazonaws.com/utility/62c9de2a-8a25-4a05-be9b-f8f0ed7d00e7.jpg	3	49
120	2017-11-09 16:54:38.451015+00	2017-11-09 16:54:38.451054+00	48	48	http://angia.s3.amazonaws.com/utility/2032f4c8-b806-4cba-9e9c-407e173d4ee9.jpg	4	49
121	2017-11-09 16:54:46.120418+00	2017-11-09 16:54:46.120445+00	48	48	http://angia.s3.amazonaws.com/utility/215a0e35-9a42-4bb7-a501-996866b6d7dd.jpg	5	49
122	2017-11-10 03:41:46.200956+00	2017-11-10 03:41:46.200984+00	50	50	http://angia.s3.amazonaws.com/utility/18bce5d2-5d20-48a6-b098-410b494db4ef.jpg	0	50
123	2017-11-10 03:41:56.483277+00	2017-11-10 03:41:56.483303+00	50	50	http://angia.s3.amazonaws.com/utility/4d2ad435-f71b-484c-8052-2b3386881364.jpg	1	50
124	2017-11-10 03:42:05.018546+00	2017-11-10 03:42:05.018574+00	50	50	http://angia.s3.amazonaws.com/utility/7678a027-ed20-4d1e-b982-7a90a9354f4d.jpg	2	50
125	2017-11-10 03:42:12.035282+00	2017-11-10 03:42:12.035308+00	50	50	http://angia.s3.amazonaws.com/utility/18c1ccdf-6f38-4757-b703-07ab9f8c2fec.jpg	3	50
126	2017-11-10 03:42:19.316166+00	2017-11-10 03:42:19.316191+00	50	50	http://angia.s3.amazonaws.com/utility/764919dc-e8df-4c25-a2a0-87d9d3a3055f.jpg	4	50
127	2017-11-10 03:42:27.877732+00	2017-11-10 03:42:27.877758+00	50	50	http://angia.s3.amazonaws.com/utility/aa3fb5d7-f6ba-48c5-a9ef-46e924b39b34.jpg	5	50
128	2017-11-10 04:01:29.297762+00	2017-11-10 04:01:29.29779+00	51	51	http://angia.s3.amazonaws.com/utility/afca6a38-3e90-43cf-b49e-63605178d671.jpg	0	51
129	2017-11-10 04:01:39.104968+00	2017-11-10 04:01:39.104994+00	51	51	http://angia.s3.amazonaws.com/utility/e5d5cd87-c5a3-4647-bd7b-45e4d1a39a5b.jpg	1	51
130	2017-11-10 04:01:50.018301+00	2017-11-10 04:01:50.018327+00	51	51	http://angia.s3.amazonaws.com/utility/e4b03f9b-0af9-4dda-91b1-b972038395a8.jpg	2	51
131	2017-11-10 04:01:58.862838+00	2017-11-10 04:01:58.862864+00	51	51	http://angia.s3.amazonaws.com/utility/8f265156-bcb5-4139-8555-22b426cd4566.jpg	3	51
132	2017-11-10 04:02:08.424324+00	2017-11-10 04:02:08.424351+00	51	51	http://angia.s3.amazonaws.com/utility/2e05b2fd-3ed6-4bf1-afb7-04b58d577b8b.jpg	4	51
133	2017-11-10 04:02:22.606335+00	2017-11-10 04:02:22.606362+00	51	51	http://angia.s3.amazonaws.com/utility/02a9e403-243c-4a64-b64f-9028fae7118b.jpg	5	51
134	2017-11-10 04:11:47.31915+00	2017-11-10 04:11:47.319177+00	52	52	http://angia.s3.amazonaws.com/utility/6b1a16b3-bb94-43cf-9adb-8dd9dd1c261c.jpg	0	52
135	2017-11-10 04:11:56.350743+00	2017-11-10 04:11:56.35077+00	52	52	http://angia.s3.amazonaws.com/utility/b2119697-8cb2-4c81-8e51-5e37bb592fed.jpg	1	52
136	2017-11-10 04:12:06.924806+00	2017-11-10 04:12:06.924832+00	52	52	http://angia.s3.amazonaws.com/utility/91504f61-c255-4b69-9574-121beab7b714.jpg	2	52
137	2017-11-10 04:12:14.716978+00	2017-11-10 04:12:14.717003+00	52	52	http://angia.s3.amazonaws.com/utility/95492625-821b-44c6-aa26-ca16e910bac5.jpg	3	52
138	2017-11-10 04:12:43.006298+00	2017-11-10 04:12:43.006323+00	52	52	http://angia.s3.amazonaws.com/utility/bd5a9dcc-c581-42d2-96d9-3439e9ae33b4.jpg	4	52
139	2017-11-10 04:13:00.867779+00	2017-11-10 04:13:00.867806+00	52	52	http://angia.s3.amazonaws.com/utility/82144413-55c7-4040-951a-b671f33a0462.jpg	5	52
146	2017-11-10 07:30:46.161712+00	2017-11-10 07:30:46.16174+00	55	55	http://angia.s3.amazonaws.com/utility/115dfa77-d1e6-4a05-a4da-373eae55d5ef.jpg	0	55
147	2017-11-10 07:30:56.026865+00	2017-11-10 07:30:56.026891+00	55	55	http://angia.s3.amazonaws.com/utility/4fdbd723-dbd3-4711-8d15-e2b2c5a9acaf.jpg	1	55
148	2017-11-10 07:31:02.582223+00	2017-11-10 07:31:02.58225+00	55	55	http://angia.s3.amazonaws.com/utility/7d4ecbd0-4ed1-46b2-bacb-6cae5bde6e38.jpg	2	55
149	2017-11-10 07:31:10.308397+00	2017-11-10 07:31:10.308425+00	55	55	http://angia.s3.amazonaws.com/utility/fefdd378-bf92-4f48-a069-04608634e306.jpg	3	55
150	2017-11-10 07:31:20.571956+00	2017-11-10 07:31:20.571985+00	55	55	http://angia.s3.amazonaws.com/utility/5ee22143-b3db-4bf6-b58c-4a149f83d431.jpg	4	55
151	2017-11-10 07:31:30.864999+00	2017-11-10 07:31:30.865025+00	55	55	http://angia.s3.amazonaws.com/utility/4995312a-0ca7-4302-bb89-8bd5b3fa5d8d.jpg	5	55
152	2017-11-10 07:39:55.435894+00	2017-11-10 07:39:55.43592+00	53	53	http://angia.s3.amazonaws.com/utility/54dc1a6e-3cfd-4eeb-8d01-d74e6a737719.jpg	0	53
153	2017-11-10 07:40:02.813021+00	2017-11-10 07:40:02.813072+00	53	53	http://angia.s3.amazonaws.com/utility/1ad76e97-8f03-41d7-84ea-b7b204020231.jpg	1	53
154	2017-11-10 07:40:13.21052+00	2017-11-10 07:40:13.210547+00	53	53	http://angia.s3.amazonaws.com/utility/62ab7907-e958-493e-a413-8b59d26bb918.jpg	2	53
155	2017-11-10 07:40:21.07379+00	2017-11-10 07:40:21.073816+00	53	53	http://angia.s3.amazonaws.com/utility/d9ff0c47-8be9-4992-ab9d-a3d0174e4865.jpg	3	53
156	2017-11-10 07:40:28.36308+00	2017-11-10 07:40:28.363108+00	53	53	http://angia.s3.amazonaws.com/utility/98cae7eb-922d-4b60-9368-1765ee8e906a.jpg	4	53
157	2017-11-10 07:40:40.538866+00	2017-11-10 07:40:40.538893+00	53	53	http://angia.s3.amazonaws.com/utility/c1bcc429-6325-4abb-93c7-7ec20ca81d5d.jpg	5	53
158	2017-11-10 07:47:35.727795+00	2017-11-10 07:47:35.72782+00	54	54	http://angia.s3.amazonaws.com/utility/f058806f-41c5-47fa-833b-76758c9bab0f.jpg	0	54
159	2017-11-10 07:47:42.437569+00	2017-11-10 07:47:42.437595+00	54	54	http://angia.s3.amazonaws.com/utility/7a332197-5bcd-40af-bf9c-614bd3d0fc9f.jpg	1	54
160	2017-11-10 07:47:53.49967+00	2017-11-10 07:47:53.49972+00	54	54	http://angia.s3.amazonaws.com/utility/866e417f-ffe7-45fa-8e86-68a08944dcc2.jpg	2	54
161	2017-11-10 07:48:01.986746+00	2017-11-10 07:48:01.986773+00	54	54	http://angia.s3.amazonaws.com/utility/929fb4bd-7f6d-4892-8311-d4c3962be93a.jpg	3	54
162	2017-11-10 07:48:18.37422+00	2017-11-10 07:48:18.37426+00	54	54	http://angia.s3.amazonaws.com/utility/074908ac-651a-452f-af62-7751aef9e5c7.jpg	4	54
163	2017-11-10 07:48:26.766157+00	2017-11-10 07:48:26.766184+00	54	54	http://angia.s3.amazonaws.com/utility/f7214ffb-7661-42d6-a292-cfc83476bb06.jpg	5	54
164	2017-11-11 04:19:15.098362+00	2017-11-11 04:19:15.09839+00	46	46	http://angia.s3.amazonaws.com/utility/ed526958-609a-43fc-baf8-65991cf96b4a.jpg	0	48
165	2017-11-11 04:19:22.797113+00	2017-11-11 04:19:22.79714+00	46	46	http://angia.s3.amazonaws.com/utility/55ea7e07-8a97-4c0d-96bf-34d5c044b7a0.jpg	1	48
166	2017-11-11 04:19:29.197166+00	2017-11-11 04:19:29.197193+00	46	46	http://angia.s3.amazonaws.com/utility/ba3feafb-3abc-468c-835c-1cb5a464e506.jpg	2	48
167	2017-11-11 04:19:35.387113+00	2017-11-11 04:19:35.38714+00	46	46	http://angia.s3.amazonaws.com/utility/bb88396a-141e-4240-84f3-80197a1d51e4.jpg	3	48
168	2017-11-11 04:19:41.648297+00	2017-11-11 04:19:41.648323+00	46	46	http://angia.s3.amazonaws.com/utility/08c48636-8c27-4e7e-8244-a1e32b087fb0.jpg	4	48
169	2017-11-11 04:19:47.91854+00	2017-11-11 04:19:47.918566+00	46	46	http://angia.s3.amazonaws.com/utility/588b69d1-3b98-40e4-a766-9f5997ec4d0d.jpg	5	48
170	2017-11-11 08:15:49.404881+00	2017-11-11 08:15:49.404908+00	56	56	http://angia.s3.amazonaws.com/utility/94df428c-b524-42a4-8200-4f9ed0876df9.jpg	0	56
171	2017-11-11 08:15:59.293363+00	2017-11-11 08:15:59.293389+00	56	56	http://angia.s3.amazonaws.com/utility/67f34565-c1c4-4fc0-966c-944cfd1e23c6.jpg	1	56
172	2017-11-11 08:16:07.611603+00	2017-11-11 08:16:07.611628+00	56	56	http://angia.s3.amazonaws.com/utility/9989a54d-1cda-4da5-9378-400fb4d9b96d.jpg	2	56
173	2017-11-11 08:16:17.347464+00	2017-11-11 08:16:17.347491+00	56	56	http://angia.s3.amazonaws.com/utility/cfaf6d66-ae85-4490-86b8-0fbc6f0c3e0e.jpg	3	56
174	2017-11-11 08:16:24.602643+00	2017-11-11 08:16:24.60267+00	56	56	http://angia.s3.amazonaws.com/utility/0361b952-e5ac-4954-8979-dc6cb37c3c7d.jpg	4	56
175	2017-11-11 08:16:32.40437+00	2017-11-11 08:16:32.404397+00	56	56	http://angia.s3.amazonaws.com/utility/02181c19-88a8-48f8-9db6-40556f09971d.jpg	5	56
176	2017-11-15 12:30:24.77801+00	2017-11-15 12:30:24.778038+00	57	57	http://angia.s3.amazonaws.com/utility/0b720da8-171c-43c8-983c-25afe650e651.jpg	0	57
177	2017-11-19 13:07:52.277113+00	2017-11-19 13:07:52.277139+00	60	60	http://angia.s3.amazonaws.com/utility/3d3270a5-397a-4515-ae75-8f8c0dc53bbb.jpg	0	60
178	2017-11-19 13:08:05.423763+00	2017-11-19 13:08:05.423792+00	60	60	http://angia.s3.amazonaws.com/utility/f8156b8a-3a59-4f7e-9d9e-157ba6a531d0.jpg	1	60
179	2017-11-19 13:08:43.353622+00	2017-11-19 13:08:43.353649+00	60	60	http://angia.s3.amazonaws.com/utility/d47e7c34-e8e7-427f-ba9a-98e0c37a3d8e.jpg	2	60
180	2017-11-19 13:08:58.207493+00	2017-11-19 13:08:58.207519+00	60	60	http://angia.s3.amazonaws.com/utility/490715bd-d3a9-4a8a-8c1e-d8bec892ef49.jpg	3	60
181	2017-11-19 13:09:12.659178+00	2017-11-19 13:09:12.659206+00	60	60	http://angia.s3.amazonaws.com/utility/33ab01cf-48da-4fa1-bda9-0e9511d36ffd.jpg	4	60
182	2017-11-19 13:09:30.79464+00	2017-11-19 13:09:30.794666+00	60	60	http://angia.s3.amazonaws.com/utility/8547f7bd-8d12-4ca6-bcd0-48d112220fa1.jpg	5	60
183	2017-11-19 13:29:09.76305+00	2017-11-19 13:29:09.763079+00	60	60	http://angia.s3.amazonaws.com/utility/bf97204f-c3f5-4cb4-8b85-97305e04852f.jpg	0	61
184	2017-11-19 13:29:28.496201+00	2017-11-19 13:29:28.496229+00	60	60	http://angia.s3.amazonaws.com/utility/73fedc24-6485-40d9-803f-2ea354922bc2.jpg	1	61
185	2017-11-19 13:29:39.132172+00	2017-11-19 13:29:39.132199+00	60	60	http://angia.s3.amazonaws.com/utility/aa34aeb4-9ba7-472b-9a0b-89825ca31188.jpg	2	61
186	2017-11-19 13:29:49.66478+00	2017-11-19 13:29:49.664808+00	60	60	http://angia.s3.amazonaws.com/utility/3f64b68a-059a-4ba3-929c-7c766947ebb4.jpg	3	61
187	2017-11-19 13:30:01.726464+00	2017-11-19 13:30:01.726492+00	60	60	http://angia.s3.amazonaws.com/utility/b86494b7-0ed8-40ac-9a3d-564ae5a21ac9.jpg	4	61
188	2017-11-19 13:30:13.287894+00	2017-11-19 13:30:13.287921+00	60	60	http://angia.s3.amazonaws.com/utility/b5a2198e-fde5-4dd5-a66b-5c635fa6b793.jpg	5	61
189	2017-11-19 14:44:53.861968+00	2017-11-19 14:44:53.861995+00	60	60	http://angia.s3.amazonaws.com/utility/f5f43552-0ca5-4948-aebd-94255b522fd4.jpg	0	62
190	2017-11-19 14:45:05.024824+00	2017-11-19 14:45:05.024852+00	60	60	http://angia.s3.amazonaws.com/utility/078ed23e-a3e1-45d8-bad9-aa82d328458b.jpg	1	62
191	2017-11-19 14:45:13.482378+00	2017-11-19 14:45:13.482404+00	60	60	http://angia.s3.amazonaws.com/utility/2ffebfa7-a73e-4804-9d71-f294db4c863b.jpg	2	62
192	2017-11-19 14:45:27.727581+00	2017-11-19 14:45:27.727607+00	60	60	http://angia.s3.amazonaws.com/utility/53defaa1-38b9-413c-8c69-aee082023492.jpg	3	62
193	2017-11-19 14:45:39.069452+00	2017-11-19 14:45:39.069479+00	60	60	http://angia.s3.amazonaws.com/utility/20456f9b-c2d6-4b9b-8b77-1462754693e4.jpg	4	62
194	2017-11-19 14:45:50.640006+00	2017-11-19 14:45:50.64003+00	60	60	http://angia.s3.amazonaws.com/utility/c05a59d0-02e7-427e-8cee-9845aa816117.jpg	5	62
195	2017-11-19 15:06:30.631434+00	2017-11-19 15:06:30.631466+00	60	60	http://angia.s3.amazonaws.com/utility/9160df00-8e3f-4a00-8368-db76ac63505e.jpg	0	63
196	2017-11-19 15:06:39.392746+00	2017-11-19 15:06:39.392775+00	60	60	http://angia.s3.amazonaws.com/utility/49805755-a00d-4f76-aa4d-570d0bb4d334.jpg	1	63
197	2017-11-19 15:06:51.629334+00	2017-11-19 15:06:51.629362+00	60	60	http://angia.s3.amazonaws.com/utility/0bf4ea81-cdef-42e1-91f9-20d1122a7979.jpg	2	63
198	2017-11-19 15:07:00.56833+00	2017-11-19 15:07:00.568358+00	60	60	http://angia.s3.amazonaws.com/utility/a118ecc4-80b9-4aa9-b396-b508b7950f90.jpg	3	63
199	2017-11-19 15:07:09.05227+00	2017-11-19 15:07:09.052296+00	60	60	http://angia.s3.amazonaws.com/utility/423bd65f-3846-4ce6-94ed-55a65d9db525.jpg	4	63
200	2017-11-19 15:07:23.763063+00	2017-11-19 15:07:23.763089+00	60	60	http://angia.s3.amazonaws.com/utility/9ee9d5d2-7864-43b5-a9f1-9fb3aa45a436.jpg	5	63
201	2017-11-19 15:44:23.785538+00	2017-11-19 15:44:23.785565+00	60	60	http://angia.s3.amazonaws.com/utility/494d197b-b85f-4368-b667-d67860e86e85.jpg	0	64
202	2017-11-19 15:45:31.589386+00	2017-11-19 15:45:31.589413+00	60	60	http://angia.s3.amazonaws.com/utility/b2910ad8-9229-4e4e-afdf-25adf5c30dba.jpg	1	64
203	2017-11-19 15:45:44.035082+00	2017-11-19 15:45:44.035111+00	60	60	http://angia.s3.amazonaws.com/utility/9cd9d401-ebab-4fb0-8d8b-beafd9ea08ae.jpg	2	64
204	2017-11-19 15:45:52.79738+00	2017-11-19 15:45:52.797406+00	60	60	http://angia.s3.amazonaws.com/utility/02455c5c-77b8-490c-bf09-43ef2663d84c.jpg	3	64
205	2017-11-19 15:46:03.034616+00	2017-11-19 15:46:03.034643+00	60	60	http://angia.s3.amazonaws.com/utility/31a796f2-d9ff-4939-be2b-1c46525b9bc1.jpg	4	64
207	2017-11-19 15:46:32.20305+00	2017-11-19 15:46:32.203077+00	60	60	http://angia.s3.amazonaws.com/utility/cee7b2d3-8cf7-4bcf-98d0-5c25509be201.jpg	5	64
208	2017-11-19 16:07:32.034636+00	2017-11-19 16:07:32.034663+00	60	60	http://angia.s3.amazonaws.com/utility/982f58e3-f56d-438c-8790-3aed7e422c2c.jpg	0	65
209	2017-11-19 16:07:46.587289+00	2017-11-19 16:07:46.587316+00	60	60	http://angia.s3.amazonaws.com/utility/6766d83b-ae99-4cd3-a7b8-1bd0a24fde3d.jpg	1	65
210	2017-11-19 16:07:57.324221+00	2017-11-19 16:07:57.324248+00	60	60	http://angia.s3.amazonaws.com/utility/1886afcb-434b-4171-8a4c-883e416617c1.jpg	2	65
211	2017-11-19 16:08:05.752961+00	2017-11-19 16:08:05.752989+00	60	60	http://angia.s3.amazonaws.com/utility/36f63563-a62e-4cd0-8fdc-b805bbf93988.jpg	3	65
212	2017-11-19 16:08:16.490423+00	2017-11-19 16:08:16.49045+00	60	60	http://angia.s3.amazonaws.com/utility/6926f125-e990-46b5-bcf9-e16bb755d90d.jpg	4	65
213	2017-11-19 16:08:25.925914+00	2017-11-19 16:08:25.925942+00	60	60	http://angia.s3.amazonaws.com/utility/b5a00f4d-8d23-4b49-919c-d551355fae2c.jpg	5	65
214	2017-11-30 12:59:11.737011+00	2017-11-30 12:59:11.737057+00	69	69	http://angia.s3.amazonaws.com/utility/335f0e38-b75c-43ad-83db-955b4cf099b1.jpg	0	67
\.


--
-- Name: utility_image_id_seq; Type: SEQUENCE SET; Schema: public; Owner: postgres
--

SELECT pg_catalog.setval('utility_image_id_seq', 214, true);


--
-- Data for Name: utility_status; Type: TABLE DATA; Schema: public; Owner: postgres
--

COPY utility_status (id, created_date, modified_date, modified_by, created_by, name) FROM stdin;
\.


--
-- Name: auth_group_name_key; Type: CONSTRAINT; Schema: public; Owner: postgres
--

ALTER TABLE ONLY auth_group
    ADD CONSTRAINT auth_group_name_key UNIQUE (name);


--
-- Name: auth_group_permissions_group_id_permission_id_0cd325b0_uniq; Type: CONSTRAINT; Schema: public; Owner: postgres
--

ALTER TABLE ONLY auth_group_permissions
    ADD CONSTRAINT auth_group_permissions_group_id_permission_id_0cd325b0_uniq UNIQUE (group_id, permission_id);


--
-- Name: auth_group_permissions_pkey; Type: CONSTRAINT; Schema: public; Owner: postgres
--

ALTER TABLE ONLY auth_group_permissions
    ADD CONSTRAINT auth_group_permissions_pkey PRIMARY KEY (id);


--
-- Name: auth_group_pkey; Type: CONSTRAINT; Schema: public; Owner: postgres
--

ALTER TABLE ONLY auth_group
    ADD CONSTRAINT auth_group_pkey PRIMARY KEY (id);


--
-- Name: auth_permission_content_type_id_codename_01ab375a_uniq; Type: CONSTRAINT; Schema: public; Owner: postgres
--

ALTER TABLE ONLY auth_permission
    ADD CONSTRAINT auth_permission_content_type_id_codename_01ab375a_uniq UNIQUE (content_type_id, codename);


--
-- Name: auth_permission_pkey; Type: CONSTRAINT; Schema: public; Owner: postgres
--

ALTER TABLE ONLY auth_permission
    ADD CONSTRAINT auth_permission_pkey PRIMARY KEY (id);


--
-- Name: django_admin_log_pkey; Type: CONSTRAINT; Schema: public; Owner: postgres
--

ALTER TABLE ONLY django_admin_log
    ADD CONSTRAINT django_admin_log_pkey PRIMARY KEY (id);


--
-- Name: django_content_type_app_label_model_76bd3d3b_uniq; Type: CONSTRAINT; Schema: public; Owner: postgres
--

ALTER TABLE ONLY django_content_type
    ADD CONSTRAINT django_content_type_app_label_model_76bd3d3b_uniq UNIQUE (app_label, model);


--
-- Name: django_content_type_pkey; Type: CONSTRAINT; Schema: public; Owner: postgres
--

ALTER TABLE ONLY django_content_type
    ADD CONSTRAINT django_content_type_pkey PRIMARY KEY (id);


--
-- Name: django_migrations_pkey; Type: CONSTRAINT; Schema: public; Owner: postgres
--

ALTER TABLE ONLY django_migrations
    ADD CONSTRAINT django_migrations_pkey PRIMARY KEY (id);


--
-- Name: django_q_ormq_pkey; Type: CONSTRAINT; Schema: public; Owner: postgres
--

ALTER TABLE ONLY django_q_ormq
    ADD CONSTRAINT django_q_ormq_pkey PRIMARY KEY (id);


--
-- Name: django_q_schedule_pkey; Type: CONSTRAINT; Schema: public; Owner: postgres
--

ALTER TABLE ONLY django_q_schedule
    ADD CONSTRAINT django_q_schedule_pkey PRIMARY KEY (id);


--
-- Name: django_q_task_pkey; Type: CONSTRAINT; Schema: public; Owner: postgres
--

ALTER TABLE ONLY django_q_task
    ADD CONSTRAINT django_q_task_pkey PRIMARY KEY (id);


--
-- Name: nationcode_pkey; Type: CONSTRAINT; Schema: public; Owner: postgres
--

ALTER TABLE ONLY nationcode
    ADD CONSTRAINT nationcode_pkey PRIMARY KEY (id);


--
-- Name: service_pkey; Type: CONSTRAINT; Schema: public; Owner: postgres
--

ALTER TABLE ONLY service
    ADD CONSTRAINT service_pkey PRIMARY KEY (id);


--
-- Name: territory_pkey; Type: CONSTRAINT; Schema: public; Owner: postgres
--

ALTER TABLE ONLY territory
    ADD CONSTRAINT territory_pkey PRIMARY KEY (id);


--
-- Name: user_email_54dc62b2_uniq; Type: CONSTRAINT; Schema: public; Owner: postgres
--

ALTER TABLE ONLY "user"
    ADD CONSTRAINT user_email_54dc62b2_uniq UNIQUE (email);


--
-- Name: user_phone_key; Type: CONSTRAINT; Schema: public; Owner: postgres
--

ALTER TABLE ONLY "user"
    ADD CONSTRAINT user_phone_key UNIQUE (phone);


--
-- Name: user_pkey; Type: CONSTRAINT; Schema: public; Owner: postgres
--

ALTER TABLE ONLY "user"
    ADD CONSTRAINT user_pkey PRIMARY KEY (id);


--
-- Name: users_connection_pkey; Type: CONSTRAINT; Schema: public; Owner: postgres
--

ALTER TABLE ONLY users_connection
    ADD CONSTRAINT users_connection_pkey PRIMARY KEY (id);


--
-- Name: users_forget_password_pkey; Type: CONSTRAINT; Schema: public; Owner: postgres
--

ALTER TABLE ONLY users_forget_password
    ADD CONSTRAINT users_forget_password_pkey PRIMARY KEY (id);


--
-- Name: users_points_exchange_pkey; Type: CONSTRAINT; Schema: public; Owner: postgres
--

ALTER TABLE ONLY users_points_exchange
    ADD CONSTRAINT users_points_exchange_pkey PRIMARY KEY (id);


--
-- Name: users_points_transactions_pkey; Type: CONSTRAINT; Schema: public; Owner: postgres
--

ALTER TABLE ONLY users_points_transactions
    ADD CONSTRAINT users_points_transactions_pkey PRIMARY KEY (id);


--
-- Name: users_push_settings_device_id_device_type_e79bd2ae_uniq; Type: CONSTRAINT; Schema: public; Owner: postgres
--

ALTER TABLE ONLY users_push_settings
    ADD CONSTRAINT users_push_settings_device_id_device_type_e79bd2ae_uniq UNIQUE (device_id, device_type);


--
-- Name: users_push_settings_pkey; Type: CONSTRAINT; Schema: public; Owner: postgres
--

ALTER TABLE ONLY users_push_settings
    ADD CONSTRAINT users_push_settings_pkey PRIMARY KEY (id);


--
-- Name: users_ratings_pkey; Type: CONSTRAINT; Schema: public; Owner: postgres
--

ALTER TABLE ONLY users_ratings
    ADD CONSTRAINT users_ratings_pkey PRIMARY KEY (id);


--
-- Name: users_role_permissions_pkey; Type: CONSTRAINT; Schema: public; Owner: postgres
--

ALTER TABLE ONLY users_role_permissions
    ADD CONSTRAINT users_role_permissions_pkey PRIMARY KEY (id);


--
-- Name: users_role_permissions_role_id_permission_id_a9833844_uniq; Type: CONSTRAINT; Schema: public; Owner: postgres
--

ALTER TABLE ONLY users_role_permissions
    ADD CONSTRAINT users_role_permissions_role_id_permission_id_a9833844_uniq UNIQUE (role_id, permission_id);


--
-- Name: users_role_pkey; Type: CONSTRAINT; Schema: public; Owner: postgres
--

ALTER TABLE ONLY users_role
    ADD CONSTRAINT users_role_pkey PRIMARY KEY (id);


--
-- Name: utilities_pkey; Type: CONSTRAINT; Schema: public; Owner: postgres
--

ALTER TABLE ONLY utilities
    ADD CONSTRAINT utilities_pkey PRIMARY KEY (id);


--
-- Name: utility_image_pkey; Type: CONSTRAINT; Schema: public; Owner: postgres
--

ALTER TABLE ONLY utility_image
    ADD CONSTRAINT utility_image_pkey PRIMARY KEY (id);


--
-- Name: utility_pkey; Type: CONSTRAINT; Schema: public; Owner: postgres
--

ALTER TABLE ONLY utility_status
    ADD CONSTRAINT utility_pkey PRIMARY KEY (id);


--
-- Name: auth_group_name_a6ea08ec_like; Type: INDEX; Schema: public; Owner: postgres
--

CREATE INDEX auth_group_name_a6ea08ec_like ON auth_group USING btree (name varchar_pattern_ops);


--
-- Name: auth_group_permissions_group_id_b120cbf9; Type: INDEX; Schema: public; Owner: postgres
--

CREATE INDEX auth_group_permissions_group_id_b120cbf9 ON auth_group_permissions USING btree (group_id);


--
-- Name: auth_group_permissions_permission_id_84c5c92e; Type: INDEX; Schema: public; Owner: postgres
--

CREATE INDEX auth_group_permissions_permission_id_84c5c92e ON auth_group_permissions USING btree (permission_id);


--
-- Name: auth_permission_content_type_id_2f476e4b; Type: INDEX; Schema: public; Owner: postgres
--

CREATE INDEX auth_permission_content_type_id_2f476e4b ON auth_permission USING btree (content_type_id);


--
-- Name: django_admin_log_content_type_id_c4bce8eb; Type: INDEX; Schema: public; Owner: postgres
--

CREATE INDEX django_admin_log_content_type_id_c4bce8eb ON django_admin_log USING btree (content_type_id);


--
-- Name: django_admin_log_user_id_c564eba6; Type: INDEX; Schema: public; Owner: postgres
--

CREATE INDEX django_admin_log_user_id_c564eba6 ON django_admin_log USING btree (user_id);


--
-- Name: service_parent_id_b9b40a87; Type: INDEX; Schema: public; Owner: postgres
--

CREATE INDEX service_parent_id_b9b40a87 ON service USING btree (parent_id);


--
-- Name: territory_parent_id_377861ca; Type: INDEX; Schema: public; Owner: postgres
--

CREATE INDEX territory_parent_id_377861ca ON territory USING btree (parent_id);


--
-- Name: user_email_54dc62b2_like; Type: INDEX; Schema: public; Owner: postgres
--

CREATE INDEX user_email_54dc62b2_like ON "user" USING btree (email varchar_pattern_ops);


--
-- Name: user_phone_fcd7f7da_like; Type: INDEX; Schema: public; Owner: postgres
--

CREATE INDEX user_phone_fcd7f7da_like ON "user" USING btree (phone varchar_pattern_ops);


--
-- Name: user_role_id_c3a87a3d; Type: INDEX; Schema: public; Owner: postgres
--

CREATE INDEX user_role_id_c3a87a3d ON "user" USING btree (role_id);


--
-- Name: users_connection_initiator_user_id_d16f8b96; Type: INDEX; Schema: public; Owner: postgres
--

CREATE INDEX users_connection_initiator_user_id_d16f8b96 ON users_connection USING btree (initiator_user_id);


--
-- Name: users_connection_target_user_id_f68f7ed1; Type: INDEX; Schema: public; Owner: postgres
--

CREATE INDEX users_connection_target_user_id_f68f7ed1 ON users_connection USING btree (target_user_id);


--
-- Name: users_forget_password_user_id_a136fb33; Type: INDEX; Schema: public; Owner: postgres
--

CREATE INDEX users_forget_password_user_id_a136fb33 ON users_forget_password USING btree (user_id);


--
-- Name: users_points_exchange_source_user_id_dc444d6b; Type: INDEX; Schema: public; Owner: postgres
--

CREATE INDEX users_points_exchange_source_user_id_dc444d6b ON users_points_exchange USING btree (source_user_id);


--
-- Name: users_points_exchange_target_user_id_33008ace; Type: INDEX; Schema: public; Owner: postgres
--

CREATE INDEX users_points_exchange_target_user_id_33008ace ON users_points_exchange USING btree (target_user_id);


--
-- Name: users_points_transactions_content_type_id_8a27d8d1; Type: INDEX; Schema: public; Owner: postgres
--

CREATE INDEX users_points_transactions_content_type_id_8a27d8d1 ON users_points_transactions USING btree (content_type_id);


--
-- Name: users_points_transactions_user_id_247eb109; Type: INDEX; Schema: public; Owner: postgres
--

CREATE INDEX users_points_transactions_user_id_247eb109 ON users_points_transactions USING btree (user_id);


--
-- Name: users_push_settings_user_id_50536ed5; Type: INDEX; Schema: public; Owner: postgres
--

CREATE INDEX users_push_settings_user_id_50536ed5 ON users_push_settings USING btree (user_id);


--
-- Name: users_ratings_source_user_id_33744897; Type: INDEX; Schema: public; Owner: postgres
--

CREATE INDEX users_ratings_source_user_id_33744897 ON users_ratings USING btree (source_user_id);


--
-- Name: users_ratings_target_user_id_7acdb15f; Type: INDEX; Schema: public; Owner: postgres
--

CREATE INDEX users_ratings_target_user_id_7acdb15f ON users_ratings USING btree (target_user_id);


--
-- Name: users_role_permissions_permission_id_5313a8eb; Type: INDEX; Schema: public; Owner: postgres
--

CREATE INDEX users_role_permissions_permission_id_5313a8eb ON users_role_permissions USING btree (permission_id);


--
-- Name: users_role_permissions_role_id_b99e9f6e; Type: INDEX; Schema: public; Owner: postgres
--

CREATE INDEX users_role_permissions_role_id_b99e9f6e ON users_role_permissions USING btree (role_id);


--
-- Name: utilities_location_id; Type: INDEX; Schema: public; Owner: postgres
--

CREATE INDEX utilities_location_id ON utilities USING gist (location);


--
-- Name: utilities_manage_user_id_6bd9150a; Type: INDEX; Schema: public; Owner: postgres
--

CREATE INDEX utilities_manage_user_id_6bd9150a ON utilities USING btree (manage_user_id);


--
-- Name: utilities_owner_user_id_aef7eb33; Type: INDEX; Schema: public; Owner: postgres
--

CREATE INDEX utilities_owner_user_id_aef7eb33 ON utilities USING btree (owner_user_id);


--
-- Name: utilities_service_id_2b5d20dc; Type: INDEX; Schema: public; Owner: postgres
--

CREATE INDEX utilities_service_id_2b5d20dc ON utilities USING btree (service_id);


--
-- Name: utilities_territory_id_7dafc166; Type: INDEX; Schema: public; Owner: postgres
--

CREATE INDEX utilities_territory_id_7dafc166 ON utilities USING btree (territory_id);


--
-- Name: utility_image_utility_id_c8b811d7; Type: INDEX; Schema: public; Owner: postgres
--

CREATE INDEX utility_image_utility_id_c8b811d7 ON utility_image USING btree (utility_id);


--
-- Name: auth_group_permissio_permission_id_84c5c92e_fk_auth_perm; Type: FK CONSTRAINT; Schema: public; Owner: postgres
--

ALTER TABLE ONLY auth_group_permissions
    ADD CONSTRAINT auth_group_permissio_permission_id_84c5c92e_fk_auth_perm FOREIGN KEY (permission_id) REFERENCES auth_permission(id) DEFERRABLE INITIALLY DEFERRED;


--
-- Name: auth_group_permissions_group_id_b120cbf9_fk_auth_group_id; Type: FK CONSTRAINT; Schema: public; Owner: postgres
--

ALTER TABLE ONLY auth_group_permissions
    ADD CONSTRAINT auth_group_permissions_group_id_b120cbf9_fk_auth_group_id FOREIGN KEY (group_id) REFERENCES auth_group(id) DEFERRABLE INITIALLY DEFERRED;


--
-- Name: auth_permission_content_type_id_2f476e4b_fk_django_co; Type: FK CONSTRAINT; Schema: public; Owner: postgres
--

ALTER TABLE ONLY auth_permission
    ADD CONSTRAINT auth_permission_content_type_id_2f476e4b_fk_django_co FOREIGN KEY (content_type_id) REFERENCES django_content_type(id) DEFERRABLE INITIALLY DEFERRED;


--
-- Name: django_admin_log_content_type_id_c4bce8eb_fk_django_co; Type: FK CONSTRAINT; Schema: public; Owner: postgres
--

ALTER TABLE ONLY django_admin_log
    ADD CONSTRAINT django_admin_log_content_type_id_c4bce8eb_fk_django_co FOREIGN KEY (content_type_id) REFERENCES django_content_type(id) DEFERRABLE INITIALLY DEFERRED;


--
-- Name: django_admin_log_user_id_c564eba6_fk_user_id; Type: FK CONSTRAINT; Schema: public; Owner: postgres
--

ALTER TABLE ONLY django_admin_log
    ADD CONSTRAINT django_admin_log_user_id_c564eba6_fk_user_id FOREIGN KEY (user_id) REFERENCES "user"(id) DEFERRABLE INITIALLY DEFERRED;


--
-- Name: service_parent_id_b9b40a87_fk_service_id; Type: FK CONSTRAINT; Schema: public; Owner: postgres
--

ALTER TABLE ONLY service
    ADD CONSTRAINT service_parent_id_b9b40a87_fk_service_id FOREIGN KEY (parent_id) REFERENCES service(id) DEFERRABLE INITIALLY DEFERRED;


--
-- Name: territory_parent_id_377861ca_fk_territory_id; Type: FK CONSTRAINT; Schema: public; Owner: postgres
--

ALTER TABLE ONLY territory
    ADD CONSTRAINT territory_parent_id_377861ca_fk_territory_id FOREIGN KEY (parent_id) REFERENCES territory(id) DEFERRABLE INITIALLY DEFERRED;


--
-- Name: user_role_id_c3a87a3d_fk_users_role_id; Type: FK CONSTRAINT; Schema: public; Owner: postgres
--

ALTER TABLE ONLY "user"
    ADD CONSTRAINT user_role_id_c3a87a3d_fk_users_role_id FOREIGN KEY (role_id) REFERENCES users_role(id) DEFERRABLE INITIALLY DEFERRED;


--
-- Name: users_connection_initiator_user_id_d16f8b96_fk_user_id; Type: FK CONSTRAINT; Schema: public; Owner: postgres
--

ALTER TABLE ONLY users_connection
    ADD CONSTRAINT users_connection_initiator_user_id_d16f8b96_fk_user_id FOREIGN KEY (initiator_user_id) REFERENCES "user"(id) DEFERRABLE INITIALLY DEFERRED;


--
-- Name: users_connection_target_user_id_f68f7ed1_fk_user_id; Type: FK CONSTRAINT; Schema: public; Owner: postgres
--

ALTER TABLE ONLY users_connection
    ADD CONSTRAINT users_connection_target_user_id_f68f7ed1_fk_user_id FOREIGN KEY (target_user_id) REFERENCES "user"(id) DEFERRABLE INITIALLY DEFERRED;


--
-- Name: users_forget_password_user_id_a136fb33_fk_user_id; Type: FK CONSTRAINT; Schema: public; Owner: postgres
--

ALTER TABLE ONLY users_forget_password
    ADD CONSTRAINT users_forget_password_user_id_a136fb33_fk_user_id FOREIGN KEY (user_id) REFERENCES "user"(id) DEFERRABLE INITIALLY DEFERRED;


--
-- Name: users_points_exchange_source_user_id_dc444d6b_fk_user_id; Type: FK CONSTRAINT; Schema: public; Owner: postgres
--

ALTER TABLE ONLY users_points_exchange
    ADD CONSTRAINT users_points_exchange_source_user_id_dc444d6b_fk_user_id FOREIGN KEY (source_user_id) REFERENCES "user"(id) DEFERRABLE INITIALLY DEFERRED;


--
-- Name: users_points_exchange_target_user_id_33008ace_fk_user_id; Type: FK CONSTRAINT; Schema: public; Owner: postgres
--

ALTER TABLE ONLY users_points_exchange
    ADD CONSTRAINT users_points_exchange_target_user_id_33008ace_fk_user_id FOREIGN KEY (target_user_id) REFERENCES "user"(id) DEFERRABLE INITIALLY DEFERRED;


--
-- Name: users_points_transac_content_type_id_8a27d8d1_fk_django_co; Type: FK CONSTRAINT; Schema: public; Owner: postgres
--

ALTER TABLE ONLY users_points_transactions
    ADD CONSTRAINT users_points_transac_content_type_id_8a27d8d1_fk_django_co FOREIGN KEY (content_type_id) REFERENCES django_content_type(id) DEFERRABLE INITIALLY DEFERRED;


--
-- Name: users_points_transactions_user_id_247eb109_fk_user_id; Type: FK CONSTRAINT; Schema: public; Owner: postgres
--

ALTER TABLE ONLY users_points_transactions
    ADD CONSTRAINT users_points_transactions_user_id_247eb109_fk_user_id FOREIGN KEY (user_id) REFERENCES "user"(id) DEFERRABLE INITIALLY DEFERRED;


--
-- Name: users_push_settings_user_id_50536ed5_fk_user_id; Type: FK CONSTRAINT; Schema: public; Owner: postgres
--

ALTER TABLE ONLY users_push_settings
    ADD CONSTRAINT users_push_settings_user_id_50536ed5_fk_user_id FOREIGN KEY (user_id) REFERENCES "user"(id) DEFERRABLE INITIALLY DEFERRED;


--
-- Name: users_ratings_source_user_id_33744897_fk_user_id; Type: FK CONSTRAINT; Schema: public; Owner: postgres
--

ALTER TABLE ONLY users_ratings
    ADD CONSTRAINT users_ratings_source_user_id_33744897_fk_user_id FOREIGN KEY (source_user_id) REFERENCES "user"(id) DEFERRABLE INITIALLY DEFERRED;


--
-- Name: users_ratings_target_user_id_7acdb15f_fk_user_id; Type: FK CONSTRAINT; Schema: public; Owner: postgres
--

ALTER TABLE ONLY users_ratings
    ADD CONSTRAINT users_ratings_target_user_id_7acdb15f_fk_user_id FOREIGN KEY (target_user_id) REFERENCES "user"(id) DEFERRABLE INITIALLY DEFERRED;


--
-- Name: users_role_permissio_permission_id_5313a8eb_fk_auth_perm; Type: FK CONSTRAINT; Schema: public; Owner: postgres
--

ALTER TABLE ONLY users_role_permissions
    ADD CONSTRAINT users_role_permissio_permission_id_5313a8eb_fk_auth_perm FOREIGN KEY (permission_id) REFERENCES auth_permission(id) DEFERRABLE INITIALLY DEFERRED;


--
-- Name: users_role_permissions_role_id_b99e9f6e_fk_users_role_id; Type: FK CONSTRAINT; Schema: public; Owner: postgres
--

ALTER TABLE ONLY users_role_permissions
    ADD CONSTRAINT users_role_permissions_role_id_b99e9f6e_fk_users_role_id FOREIGN KEY (role_id) REFERENCES users_role(id) DEFERRABLE INITIALLY DEFERRED;


--
-- Name: utilities_manage_user_id_6bd9150a_fk_user_id; Type: FK CONSTRAINT; Schema: public; Owner: postgres
--

ALTER TABLE ONLY utilities
    ADD CONSTRAINT utilities_manage_user_id_6bd9150a_fk_user_id FOREIGN KEY (manage_user_id) REFERENCES "user"(id) DEFERRABLE INITIALLY DEFERRED;


--
-- Name: utilities_owner_user_id_aef7eb33_fk_user_id; Type: FK CONSTRAINT; Schema: public; Owner: postgres
--

ALTER TABLE ONLY utilities
    ADD CONSTRAINT utilities_owner_user_id_aef7eb33_fk_user_id FOREIGN KEY (owner_user_id) REFERENCES "user"(id) DEFERRABLE INITIALLY DEFERRED;


--
-- Name: utilities_service_id_2b5d20dc_fk_service_id; Type: FK CONSTRAINT; Schema: public; Owner: postgres
--

ALTER TABLE ONLY utilities
    ADD CONSTRAINT utilities_service_id_2b5d20dc_fk_service_id FOREIGN KEY (service_id) REFERENCES service(id) DEFERRABLE INITIALLY DEFERRED;


--
-- Name: utilities_territory_id_7dafc166_fk_territory_id; Type: FK CONSTRAINT; Schema: public; Owner: postgres
--

ALTER TABLE ONLY utilities
    ADD CONSTRAINT utilities_territory_id_7dafc166_fk_territory_id FOREIGN KEY (territory_id) REFERENCES territory(id) DEFERRABLE INITIALLY DEFERRED;


--
-- Name: utility_image_utility_id_c8b811d7_fk_utilities_id; Type: FK CONSTRAINT; Schema: public; Owner: postgres
--

ALTER TABLE ONLY utility_image
    ADD CONSTRAINT utility_image_utility_id_c8b811d7_fk_utilities_id FOREIGN KEY (utility_id) REFERENCES utilities(id) DEFERRABLE INITIALLY DEFERRED;


--
-- Name: public; Type: ACL; Schema: -; Owner: postgres
--

REVOKE ALL ON SCHEMA public FROM PUBLIC;
REVOKE ALL ON SCHEMA public FROM postgres;
GRANT ALL ON SCHEMA public TO postgres;
GRANT ALL ON SCHEMA public TO PUBLIC;


--
-- PostgreSQL database dump complete
--

